Strain,Rating,Effect: Creative,Effect: Energetic,Effect: Tingly,Effect: Euphoric,Effect: Relaxed,Effect: Aroused,Effect: Happy,Effect: Uplifted,Effect: Hungry,Effect: Talkative,Effect: Sleepy,Effect: Focused
100 Og,4,1,1,1,1,1,0,0,0,0,0,0,0
98 White Widow,4.7,1,1,0,0,1,1,1,0,0,0,0,0
1024,4.4,1,1,0,0,1,0,1,1,0,0,0,0
13 Dawgs,4.2,1,0,1,0,1,0,0,1,1,0,0,0
24K Gold,4.6,0,0,0,1,1,0,1,1,0,1,0,0
3 Bears Og,0,0,0,0,0,0,0,0,0,0,0,0,0
3 Kings,4.4,0,0,0,1,1,0,1,1,1,0,0,0
303 Og,4.2,0,0,0,1,1,0,1,1,0,0,0,0
3D Cbd,4.6,0,0,0,0,1,0,1,1,0,1,0,1
3X Crazy,4.4,0,0,1,1,1,0,1,1,0,0,0,0
3Rd Coast Panama Chunk,4.7,0,1,0,0,0,0,1,1,0,1,0,0
501St Og,4.5,0,0,0,1,1,0,1,0,0,1,1,0
5Th Element,4.4,0,0,0,1,1,1,0,1,0,0,0,1
707 Headband,4.3,1,0,0,1,0,0,1,1,0,1,0,0
8 Ball Kush,4.3,1,0,0,1,1,0,1,1,0,0,0,0
818 Og,4.7,0,0,0,1,1,0,1,0,0,0,1,0
831 Og,5,0,0,0,0,0,0,0,0,0,0,0,0
9 Pound Hammer,4.5,0,0,0,1,1,0,1,0,1,0,1,0
91 Krypt,4.7,0,0,0,1,1,0,1,1,1,0,0,0
A 10,3.8,0,0,0,0,1,0,1,1,0,0,1,1
A Dub,4.4,0,0,0,1,1,0,1,1,0,0,1,0
A Train,4.1,1,0,0,1,1,0,1,0,1,0,0,0
Acdc,4.5,0,0,0,1,1,0,1,1,0,0,0,1
Ak 47,4.2,0,1,0,1,1,0,1,1,0,0,0,0
Ak 48,4,1,1,0,0,1,0,1,1,0,0,0,0
Aberdeen,4.3,0,1,0,1,0,0,0,1,0,0,1,0
Abusive Og,4.5,0,0,0,1,1,0,1,0,0,0,1,0
Acapulco Gold,4.5,0,1,0,1,1,0,1,1,0,0,0,0
Ace Killer Og,4.8,0,0,0,1,1,0,1,1,0,0,1,0
Ace Of Spades,4.1,0,0,0,1,1,0,1,0,1,0,1,0
Aceh,4.4,1,1,0,1,0,0,1,0,0,1,0,0
Acid,4.4,1,1,0,1,0,0,1,1,0,0,0,0
Acid Dough,5,0,0,0,0,1,0,1,0,1,1,0,0
Afcrack,3.4,0,0,1,1,1,0,1,1,0,0,0,0
Afghan Big Bud,4,0,0,0,1,1,0,1,0,0,1,1,0
Afghan Cow,4.3,0,0,0,1,0,0,1,1,0,1,0,1
Afghan Diesel,3.7,1,0,0,1,1,0,1,1,0,0,0,0
Afghan Hawaiian,4.1,0,1,1,0,1,1,0,0,0,0,1,0
Afghan Haze,4.3,1,0,0,0,1,0,1,0,0,0,1,0
Afghan Kush,4.1,0,0,0,1,1,0,1,0,1,0,1,0
Afghan Skunk,4.3,0,0,0,0,1,0,1,0,1,0,1,0
Afghan Sour Kush,4.5,0,0,0,1,1,1,0,0,1,0,1,0
Afghan Widow,4.5,1,1,0,1,0,0,0,1,0,0,0,1
Afghani,4.3,0,0,0,1,1,0,1,0,1,0,1,0
Afgahni Bullrider,4.4,1,0,0,0,1,0,1,1,0,0,0,1
Afghani Cbd,4.6,1,0,1,0,1,0,1,0,0,0,1,0
Afghanica,4.1,0,0,0,1,1,0,1,0,1,0,1,0
Afghanimal,5,0,0,0,0,1,1,0,0,1,0,1,1
Afghooey,4.1,1,0,0,1,1,0,0,1,0,1,0,0
Afgoo,4.1,0,0,0,1,1,0,1,0,1,0,1,0
Afgooey,4.3,0,0,0,0,1,0,1,1,0,0,1,0
Afkansastan,3.8,0,0,0,1,1,0,1,1,0,0,0,0
Afpak,4.2,1,0,0,0,1,0,1,0,0,0,1,1
African,3.9,1,1,1,1,0,1,0,0,0,0,0,0
Afrikaner,0,0,0,0,0,0,0,0,0,0,0,0,0
Afternoon Delight,4.8,1,0,1,0,1,0,0,1,0,1,0,0
Afwreck,4.2,0,0,0,1,1,0,1,1,0,0,1,0
Agent Orange,4.2,0,1,0,1,1,0,1,1,0,0,0,0
Agent Tangie,4.5,1,0,0,1,0,0,1,1,0,0,0,1
Air Jordan Og,4.5,0,0,1,1,1,0,1,0,0,0,1,0
Als Dream,3,0,1,0,0,0,0,0,0,0,1,0,0
Alaska,4.6,0,0,0,1,1,0,1,0,0,0,1,1
Alaska Thunder Grape,5,1,0,1,1,0,0,0,1,0,0,0,1
Alaskan Ice,4.4,0,1,0,1,1,0,1,1,0,0,0,0
Alaskan Thunder Fuck,4.4,0,1,0,1,1,0,1,1,0,0,0,0
Albert Walker,4.7,0,0,0,1,1,0,1,1,1,0,0,0
Alchemy,4.8,0,0,1,0,1,0,0,1,1,0,1,0
Alf,5,1,0,0,1,1,0,1,0,0,0,0,0
Alice In Wonderland,4.5,0,0,0,1,1,0,1,1,0,0,0,1
Alien Abduction,3.8,1,0,0,0,1,0,1,1,0,0,0,1
Alien Apparition,4,0,1,1,1,0,1,0,0,1,0,0,0
Alien Asshat,4.8,1,0,0,1,1,0,1,0,0,0,0,0
Alien Bubba,5,0,0,0,1,1,0,1,1,0,0,1,0
Alien Dawg,4.3,0,0,0,1,1,0,1,1,0,0,1,0
Alien Dutchess,4.2,0,0,0,1,1,0,1,1,0,0,0,1
Alien Hallucination,4.1,0,0,0,0,1,1,1,0,1,0,0,0
Alien Inferno,4.8,0,1,0,1,0,0,1,1,0,1,0,0
Alien Kush,4.2,0,0,1,1,1,0,1,1,0,0,0,0
Alien Og,4.5,1,0,0,1,1,0,1,1,0,0,0,0
Alien Reunion,4.9,0,0,0,1,1,0,1,1,0,1,0,0
Alien Rift,4.6,0,0,0,1,1,0,1,1,1,0,0,0
Alien Rock Candy,4.7,0,0,1,1,1,0,1,0,0,0,1,0
Alien Sour Apple,4.6,1,0,0,1,1,0,1,1,0,0,0,0
Alien Stardawg,4.4,1,0,1,1,0,0,1,1,0,0,0,0
Alien Technology,4.5,0,0,0,1,1,0,1,1,0,0,0,1
Aliens On Moonshine,4.5,0,0,0,0,1,0,1,1,0,1,0,0
Allen Iverson Og,5,0,0,0,1,1,0,1,1,0,0,0,0
Allen Wrench,4.3,0,1,0,0,0,0,1,1,1,0,0,1
Allkush,5,0,0,0,0,1,0,1,1,0,0,1,0
Aloha,4.2,1,1,0,0,0,0,1,1,0,0,0,1
Aloha Grape Stomper,5,0,0,1,1,0,0,1,1,0,0,0,0
Aloha Limone,4.8,1,1,0,1,0,0,0,1,0,1,0,0
Alohaberry,4.2,0,1,1,0,1,1,0,1,0,0,0,0
Alpha Blue,4.5,0,1,0,1,1,0,1,0,0,1,0,0
Alpha Cow,5,0,0,0,0,0,0,0,0,0,0,0,0
Alpha Express,4.7,0,1,0,0,1,0,1,0,0,1,0,1
Alpha Og,4.6,0,0,0,1,1,0,1,0,0,0,1,1
Alpine Blue,5,1,1,0,1,0,1,0,1,0,0,0,0
Alpine Star,4.2,0,0,1,1,1,0,1,1,0,0,0,0
Ambrosia,4.4,1,0,0,1,1,0,0,1,0,0,0,1
American Dream,4.7,0,1,1,1,1,0,0,0,0,0,0,1
American Kush,4.8,0,0,1,0,1,0,1,1,0,0,1,0
Americano,4.6,1,0,0,1,1,1,0,0,0,0,0,1
Amethyst,3.9,1,1,0,0,0,0,1,0,1,0,0,0
Amethyst Bud,4.2,0,1,0,0,1,0,1,1,0,0,0,1
Amnesia,4.3,1,1,0,1,0,0,1,1,0,0,0,0
Amnesia Ganja Haze,5,0,0,0,0,0,0,0,0,0,0,0,0
Amnesia Haze,4.3,1,1,0,1,0,0,1,1,0,0,0,0
Ancient Kush,4.6,1,1,0,0,1,1,0,0,0,0,1,0
Ancient Og,4.6,0,0,0,1,1,0,1,0,1,0,1,0
Anesthesia,4.1,0,0,0,1,1,0,1,0,1,0,1,0
Angel Og,5,0,0,0,1,1,0,1,1,0,0,1,0
Animal Cookies,4.5,1,0,0,1,1,0,1,1,0,0,0,0
Anonymous Og,5,0,0,0,1,1,0,1,0,1,0,1,0
Anubis,5,1,0,0,0,1,1,0,0,0,0,1,1
Ape Shit,5,0,0,0,0,1,0,1,1,0,1,0,0
Apollo 11,4.4,1,0,0,1,1,0,1,1,0,0,0,0
Apollo 13,4.4,1,1,0,1,0,0,1,1,0,0,0,0
Appalachia,4.8,1,0,0,1,1,0,1,0,0,0,0,0
Appalachian Power,4.3,1,0,0,1,0,0,0,1,0,1,0,1
Apple Jack,3.6,0,1,1,0,1,0,1,0,0,0,0,1
Apple Kush,4.6,0,0,1,1,1,0,1,1,0,0,0,0
Appleberry,4.6,0,0,0,1,1,0,1,0,1,0,1,0
Arabian Gold,4.1,1,0,1,1,0,0,0,0,0,0,1,0
Arctic Sun,4.3,1,1,0,1,1,0,0,0,0,0,0,1
Arcticblue,4.8,0,1,0,1,1,0,1,1,0,0,0,0
Area 51,4.4,1,0,0,1,1,0,1,1,0,0,0,0
Argyle,3.9,0,0,0,0,1,0,1,1,0,0,1,1
Arjans Strawberry Haze,4.3,1,0,0,0,1,0,1,1,0,1,0,0
Arjans Ultra Haze 1,4.8,1,1,0,1,1,0,0,0,0,0,0,1
Armageddon,4,0,0,0,0,1,0,1,1,0,1,0,0
Armagnac,4.2,0,0,0,0,1,0,1,0,0,1,1,0
Ash,4.5,0,0,0,1,1,0,1,1,0,0,1,0
Asian Fantasy,4.4,0,0,0,1,1,0,1,0,1,1,0,0
Aspen Og,4.1,0,1,0,0,1,0,1,0,0,1,0,1
Astroboy,4.5,1,1,0,0,1,0,1,0,0,0,0,1
Athabasca,4.6,0,0,0,0,1,0,1,1,0,1,0,0
Atmosphere,4.8,0,0,1,1,1,0,1,1,0,0,0,0
Atomic,4.5,1,0,0,1,1,0,1,0,0,1,0,0
Atomic Goat,4.8,0,0,1,0,1,0,1,1,0,0,0,0
Atomic Northern Lights,4.2,0,0,1,0,0,0,0,1,1,1,0,1
Atomical Haze,4.4,1,1,0,0,1,0,1,1,0,0,0,0
Aurora Borealis,4.2,0,0,0,1,1,0,1,0,1,0,1,0
Aurora Indica,4.4,0,0,0,1,1,0,1,1,0,0,1,0
Avalon,3.6,0,0,1,0,0,1,0,1,1,0,0,0
Avi,3,1,0,0,0,1,0,1,1,0,0,0,1
Avi Dekel,4.5,0,1,0,0,1,0,1,1,0,0,0,1
Ayahuasca Purple,4.4,0,0,1,1,1,0,1,0,0,0,1,0
Azure Haze,4.4,0,0,0,1,1,0,1,1,0,0,0,1
B 52,4.1,0,0,0,0,1,0,1,1,0,0,0,1
B Witched,5,0,0,0,1,1,0,1,0,1,0,1,0
B Witched,5,0,0,0,1,1,0,1,0,1,0,1,0
Bb King,3.8,1,0,0,0,1,0,1,1,0,0,1,0
B4,4.5,0,0,0,1,1,0,1,1,0,0,0,1
Bc Big Bud,4.5,1,0,0,1,1,0,1,0,0,0,1,0
Bc Roadkill,4.5,0,0,0,1,1,0,1,1,0,0,0,0
Bc Sweet Tooth,4.3,0,0,0,1,1,0,1,1,0,0,1,0
Bcn Diesel,5,0,0,0,0,0,0,1,0,1,0,1,1
Bog Bubble,4.4,1,0,0,0,1,0,1,1,1,0,0,0
Bsc,4.5,0,0,0,1,1,0,1,0,1,0,0,0
Bad Azz Kush,5,0,0,0,0,0,0,0,0,0,0,0,0
Bakerstreet,3.7,0,0,0,1,1,0,1,0,0,0,1,0
Balmoral,4.2,0,0,0,0,1,0,1,1,0,1,0,1
Banana Candy,4.2,1,0,0,1,1,0,1,1,0,0,0,0
Banana Cream Og,4.8,1,0,1,0,1,0,0,1,0,0,0,1
Banana Diesel,4.4,0,0,0,1,1,0,1,1,0,0,0,0
Banana Kush,4.3,0,0,0,1,1,0,1,1,0,1,0,0
Banana Og,4.4,0,0,0,1,1,0,1,0,1,0,1,0
Banana Peel,4.7,0,0,0,1,1,0,1,1,0,0,1,0
Bananas,4.5,0,1,0,0,1,0,1,1,0,0,0,1
Bandana,4.2,1,0,0,1,1,0,1,0,0,1,0,0
Bangi Haze,0,0,0,0,1,0,1,0,1,1,0,0,0
Bango,4.7,1,1,0,1,0,0,0,1,0,0,0,1
Barbara Bud,3.6,0,0,0,1,1,0,1,1,1,0,0,0
Batgirl,5,0,0,0,1,1,0,0,0,0,0,0,0
Batman Og,4.4,0,0,0,0,1,0,1,0,1,0,1,0
Bay 11,4.5,1,1,0,0,1,0,1,1,0,0,0,0
Bay Dream,4.3,0,0,0,1,1,0,1,1,0,0,0,1
Bear Dance,4.8,0,1,0,1,0,0,1,1,0,0,0,0
Beast Mode 20,4.5,0,0,1,1,1,0,1,0,0,0,1,0
Beast Mode Og,4.4,0,0,0,1,1,0,1,1,0,1,0,0
Bedford Glue,5,0,0,0,1,1,0,1,1,0,0,0,0
Bedica,4.3,0,0,0,1,1,0,0,0,1,0,1,1
Bediol,4.7,0,0,0,0,1,0,1,1,0,1,0,1
Bell Ringer,5,0,0,0,1,1,0,1,0,1,0,1,0
Belladonna,4,0,0,0,1,0,0,1,1,0,0,1,0
Berkeley,4.3,0,1,0,0,0,0,1,1,0,1,0,1
Bermuda Sour,0,0,0,0,0,0,0,0,0,0,0,0,0
Berry Bomb,4.2,0,0,1,1,1,0,1,0,0,0,1,0
Berry Larry,4.8,1,0,0,1,1,0,0,1,0,1,0,0
Berry Noir,4.4,0,0,0,1,1,0,1,0,1,0,1,0
Berry Og,4.3,0,0,0,1,1,0,1,1,0,0,1,0
Berry White,4.4,0,0,0,1,1,0,1,1,0,0,1,0
Berts Cookie Dough,5,0,1,0,0,0,0,1,1,1,0,0,0
Bertberry Cheesecake,5,1,1,0,1,0,0,0,1,0,0,0,1
Bettie Page,4.2,1,1,0,1,1,0,0,1,0,0,0,0
Bianca,4.2,1,0,0,1,1,0,0,0,0,0,1,1
Biddy Early,4.2,1,1,0,1,0,0,0,1,0,0,0,1
Big Band,4.6,0,0,0,1,1,0,1,0,1,1,0,0
Big Bang,4.1,0,0,0,1,1,1,1,0,0,0,1,0
Big Bud,3.9,0,0,1,1,1,0,1,0,0,0,1,0
Big Budda Cheese,4.2,0,0,0,1,1,0,1,1,0,0,0,0
Big Holy Nina,4,0,0,0,1,1,0,1,1,0,1,0,0
Big Kush,4.7,1,0,0,1,1,0,0,1,0,0,0,1
Big Mac,5,0,0,1,0,1,1,0,0,0,1,1,0
Big Skunk Korean,4,1,1,0,0,0,0,0,1,1,1,0,0
Big Sky Og,4.7,0,0,1,0,1,0,0,1,1,0,1,0
Big Smooth,5,0,0,0,0,1,1,1,1,0,0,0,0
Big Sur Holy Bud,4,0,1,0,1,1,0,0,1,0,0,0,1
Big White,4.2,0,0,0,1,1,0,1,1,0,0,1,0
Big Wreck,4.1,0,0,1,1,1,0,1,1,0,0,0,0
Biker Leblanc,4.5,0,1,0,1,1,1,0,0,0,0,0,1
Bio Diesel,4.4,0,1,0,1,1,0,1,1,0,0,0,0
Bio Jesus,4.6,0,0,0,1,1,0,1,1,0,0,1,0
Biochem,4.4,0,0,1,1,1,0,1,0,0,0,1,0
Birds Eye,5,0,1,0,1,1,0,1,1,0,0,0,0
Birthday Cake Kush,4.5,0,0,0,1,1,0,1,1,0,0,1,0
Black 84,4.5,0,0,0,1,1,0,1,0,1,0,1,0
Black Afghan,4.6,0,0,0,1,1,0,1,0,1,0,1,0
Black Betty,4.5,0,1,0,1,1,0,1,1,0,0,0,0
Black Bubba,4.5,0,0,1,1,1,0,1,0,0,0,1,0
Black Cherry Cheesecake,4.5,1,0,0,1,1,0,0,1,1,0,0,0
Black Cherry Og,4.4,0,0,0,1,1,0,1,1,0,0,0,0
Black Cherry Pie,5,1,0,0,1,1,0,1,1,0,0,0,0
Black Cherry Soda,4.3,0,0,0,1,1,0,1,1,1,0,0,0
Black Dhalia,4,0,0,1,1,1,0,1,0,0,0,1,0
Black Diamond,4.4,0,0,0,1,1,0,1,1,1,0,0,0
Black Diesel,4.1,0,0,0,1,1,0,1,0,1,1,0,0
Black Domina,4.2,0,0,0,1,1,0,1,1,0,0,1,0
Black Haze,4.4,0,0,0,1,1,0,1,1,0,0,0,1
Black Ice,4.1,0,0,1,0,1,0,1,0,1,0,1,0
Black Jack,4.4,0,0,0,1,1,0,1,1,0,1,0,0
Black Label Kush,4.1,0,0,0,1,1,0,0,1,0,0,1,1
Black Larry Bird,4,1,0,1,1,0,0,0,1,0,0,0,1
Black Lime Special Reserve,4.5,0,0,1,1,1,0,1,0,0,0,1,0
Black Magic,4,0,0,0,1,1,0,1,1,0,0,0,0
Black Magic Kush,4.2,0,0,0,0,1,0,1,0,1,1,1,0
Black Mamba,4.6,0,0,0,1,1,0,1,1,0,1,0,0
Black Roses,4,0,0,0,1,1,0,0,1,0,0,1,1
Black Russian,4.3,0,0,0,0,1,0,1,1,1,0,1,0
Black Tuna,4.5,0,0,0,1,1,0,1,0,1,0,1,0
Black Velvet,3.9,0,0,0,1,1,0,1,0,1,0,1,0
Black Widow,4.1,0,0,0,1,1,0,1,1,0,0,1,0
Blackberry,4.2,0,0,0,1,1,0,1,1,0,0,1,0
Blackberry Bubble,4.7,1,0,0,1,1,0,1,1,0,0,0,0
Blackberry Chem Og,4.3,1,0,0,1,1,0,0,0,0,1,0,1
Blackberry Cream,4.8,0,0,0,1,1,0,1,1,0,0,1,0
Blackberry Diesel,4.1,0,1,0,1,1,0,1,0,0,1,0,0
Blackberry Dream,4.2,0,1,0,0,1,0,1,1,0,1,0,0
Blackberry Fire,5,1,0,0,0,0,0,1,0,0,0,0,0
Blackberry Hashplant,3.7,0,1,0,1,0,0,1,1,0,0,1,0
Blackberry Haze,4.5,0,0,0,0,1,0,1,1,1,0,0,1
Blackberry Kush,4.3,0,0,0,1,1,0,1,0,1,0,1,0
Blackberry Lime Haze,4.7,0,0,0,1,0,0,1,1,0,1,0,1
Blackberry Pie,4.7,1,0,0,1,1,0,1,0,1,0,0,0
Blackberry Rhino,4.3,1,0,0,0,1,0,1,0,1,0,1,0
Blackberry Trainwreck,4.3,0,1,0,1,1,0,1,1,0,0,0,0
Blackberry X Blueberry,4.3,1,0,0,1,1,0,1,1,0,0,0,0
Blackwater,4.6,0,0,0,1,1,0,1,0,1,0,1,0
Blaze,4.3,1,1,0,1,0,1,0,0,0,1,0,0
Blissful Wizard,4.8,0,0,0,1,1,0,1,1,0,1,0,0
Blizzard Bush,0,0,0,0,0,0,0,0,0,0,0,0,0
Blob Og,4.7,1,0,0,1,0,0,1,1,0,1,0,0
Blockhead,4.2,0,0,0,1,1,0,1,1,1,0,0,0
Bloos Kloos,4.6,1,0,0,1,1,0,1,0,0,0,0,1
Blood Orange Kush,5,1,0,0,1,0,0,1,1,0,0,1,0
Bloodhound,4.2,0,0,0,1,1,0,1,0,0,1,0,1
Blowfish,4.2,0,0,1,1,1,0,1,1,0,0,0,0
Blucifer,4.3,0,0,0,0,1,0,1,1,0,1,0,1
Blue Afghani,4.4,0,0,0,1,1,0,1,1,0,0,1,0
Blue Alien,4.5,0,0,0,1,1,0,1,1,1,0,0,0
Blue Bastard,3.8,1,0,0,1,0,0,1,1,0,0,1,0
Blue Bayou,2.8,1,0,0,0,0,0,1,1,0,0,1,0
Blue Blood,4.2,0,0,0,0,1,0,0,0,1,1,1,1
Blue Boy,4.1,0,0,0,1,1,1,1,0,0,0,0,0
Blue Buddha,4.9,0,0,0,1,1,0,1,1,0,0,1,0
Blue Champange,4.4,1,0,0,1,1,0,1,1,0,0,0,0
Blue Cheese,4.3,0,0,0,1,1,0,1,0,1,0,1,0
Blue Cinex,4.7,0,1,0,0,0,0,1,1,0,0,1,1
Blue Cookies,4.7,1,0,0,1,1,0,1,1,0,0,0,0
Blue Crack,4.2,0,1,0,0,1,0,1,1,0,0,0,1
Blue Diamond,4.4,0,0,0,1,1,0,1,0,0,1,1,0
Blue Diesel,4.4,1,0,0,1,1,0,1,1,0,0,0,0
Blue Dot,4.7,0,1,0,0,1,0,1,1,0,0,0,1
Blue Dragon,4.4,0,0,0,1,1,0,1,1,0,0,0,0
Blue Dream,4.4,1,0,0,1,1,0,1,1,0,0,0,0
Blue Dynamite,4.3,1,0,0,1,1,0,0,0,0,0,1,1
Blue Frost,4.5,1,0,0,1,1,0,1,1,0,0,0,0
Blue Galaxy,4.7,1,1,0,0,1,0,1,0,0,1,0,0
Blue God,4.7,0,0,0,1,1,0,1,0,1,0,1,0
Blue Goo,4.1,1,1,0,0,0,0,1,1,0,1,0,0
Blue Hash,4.4,0,0,0,1,1,0,1,1,0,0,1,0
Blue Hawaiian,4.3,0,1,0,1,1,0,1,1,0,0,0,0
Blue Haze,4.3,0,1,0,1,1,0,1,1,0,0,0,0
Blue Heron,4.7,0,0,0,0,1,0,1,1,0,1,1,0
Blue Ivy,4.4,0,0,0,0,1,0,1,0,1,1,0,1
Blue Jay Way,4.5,0,0,0,1,1,0,0,1,0,0,1,1
Blue Kiss,4.7,1,0,0,1,1,0,0,0,0,1,0,1
Blue Knight,4.7,0,0,0,0,1,0,1,1,1,0,0,1
Blue Kripple,3.4,0,0,1,1,1,0,0,0,1,0,1,0
Blue Kush,4.5,1,0,0,1,1,0,0,1,1,0,0,0
Blue Lights,4.5,0,0,1,1,1,0,1,1,0,0,0,0
Blue Magic,4.6,0,0,0,1,1,1,0,0,0,0,1,1
Blue Magoo,4.5,0,0,0,1,1,0,1,1,0,0,0,0
Blue Monster,4.7,0,0,0,0,1,0,1,0,1,1,1,0
Blue Moon Rocks,4.6,0,0,0,1,1,0,1,1,0,0,0,1
Blue Moonshine,4.2,0,0,0,1,1,0,1,0,0,0,1,1
Blue Mountain Fire,4,0,0,1,1,1,0,1,1,0,0,0,0
Blue Mystic,4.2,0,1,0,0,1,0,1,0,0,0,1,0
Blue Nightmare,4.7,1,0,0,1,1,0,1,0,0,0,0,0
Blue Nina,4.5,0,0,1,1,0,0,1,0,0,1,0,0
Blue Og,4.3,0,0,0,1,1,0,1,1,1,0,0,0
Blue Ox,4.5,0,0,0,0,1,0,0,1,1,1,1,0
Blue Persuasion,4.1,0,0,1,1,1,0,1,0,1,0,0,0
Blue Power,4.7,0,0,1,1,1,0,1,1,0,0,0,0
Blue Rhino,4.3,0,0,0,0,1,0,0,1,1,0,1,1
Blue Satellite,3.9,0,0,0,1,1,0,1,1,0,1,0,0
Blue Sky,4.6,1,0,0,1,1,0,1,1,0,0,0,0
Blue Steel,4.3,1,0,0,1,1,0,1,1,0,0,0,0
Blue Thai,3.7,0,0,0,0,1,0,1,1,0,1,0,1
Blue Train,4.4,0,1,0,0,1,0,1,1,0,0,0,1
Blue Trane,0,0,0,0,0,0,0,0,0,0,0,0,0
Blue Treat,4.9,1,0,0,0,1,0,1,1,0,0,0,1
Blue Velvet,4.3,0,0,0,1,1,0,1,1,0,0,0,1
Blue Venom,4.7,0,0,0,1,1,0,1,1,1,0,0,0
Blue Widow,4.2,0,0,0,1,1,0,1,1,0,0,1,0
Blue Wonder,5,0,0,0,1,1,0,1,1,0,0,0,1
Blue Wreck,4.7,0,0,0,1,1,0,1,1,0,0,1,0
Blue Zkittlez,4.9,1,0,0,1,1,1,1,0,0,0,0,0
Blue Zombie,4.7,0,0,0,1,1,0,1,0,1,0,1,0
Blueberry,4.3,0,0,0,1,1,0,1,1,0,0,1,0
Blueberry Ak,4.9,0,1,0,1,1,0,1,0,0,0,1,0
Blueberry Blast,4.4,0,1,0,1,0,0,1,1,0,1,0,0
Blueberry Bomb,5,0,0,0,0,1,0,0,0,0,0,0,0
Blueberry Cheesecake,4.3,0,0,1,1,1,0,1,1,0,0,0,0
Blueberry Diesel,4.2,0,0,0,1,1,0,1,1,0,0,0,1
Blueberry Dream,4.6,0,0,0,0,1,0,1,1,0,0,1,1
Blueberry Essence,4.5,0,0,0,1,1,0,1,1,0,0,1,0
Blueberry Haze,4.2,1,1,0,1,0,0,1,1,0,0,0,0
Blueberry Headband,4.3,0,0,0,1,1,0,1,1,0,1,0,0
Blueberry Jack,4.3,1,0,0,0,1,0,1,0,1,0,0,0
Blueberry Kush,4.3,0,0,0,1,1,0,1,1,0,0,1,0
Blueberry Lambsbread,4.8,0,0,0,1,1,0,1,1,0,0,1,0
Blueberry Muffins,4.7,1,0,0,1,1,0,1,1,0,0,0,0
Blueberry Og,4.6,0,0,0,1,0,0,1,0,1,1,0,0
Blueberry Pancakes,4.5,0,0,0,1,1,0,1,0,1,0,1,0
Blueberry Pie,4.4,0,0,0,1,1,0,1,1,0,0,1,0
Blueberry Silvertip,4.6,0,0,0,1,1,0,1,1,0,0,0,0
Blueberry Skunk,4.3,1,0,0,1,1,0,1,1,0,0,0,0
Blueberry Space Cake,5,0,0,1,1,1,0,1,0,0,0,0,0
Blueberry Trainwreck,4.4,0,1,0,0,1,0,1,1,0,0,0,1
Blueberry Triple Og,4,0,0,0,0,0,0,0,0,0,0,0,0
Blueberry Waltz,4.8,0,0,0,1,0,0,1,1,0,1,0,0
Blueberry Yum Yum,4.6,0,0,0,1,1,0,1,1,0,0,0,0
Blues,4,1,0,0,0,1,0,1,1,0,0,1,0
Blukashima,5,1,0,0,0,0,0,0,0,0,0,0,0
Bluniverse,4.7,1,0,1,1,0,0,1,1,0,0,0,0
Blurple,4.3,0,1,0,1,0,0,1,0,1,0,0,1
Blush,5,1,0,0,0,1,0,1,0,1,1,0,0
Bob Saget,4.8,1,0,0,0,1,0,1,1,0,1,0,0
Bodega Bubblegum,0,0,0,0,0,0,0,0,0,0,0,0,0
Bogart,4,0,0,0,1,0,0,1,1,0,1,0,0
Boggle Gum,4,0,0,0,0,1,0,1,0,1,0,1,0
Booger,4.7,1,0,0,0,0,0,1,1,0,0,0,1
Boombaye,0,0,0,0,0,0,0,0,0,0,0,0,0
Bootlegger,0,0,0,1,0,0,0,1,0,1,0,1,0
Bordello,4.5,1,0,0,1,1,0,1,1,0,0,0,0
Boss Hogg,4.5,0,0,0,1,1,0,1,1,0,0,1,0
Boysenberry,3.6,0,1,0,1,1,0,0,0,0,1,0,0
Brain Candy,5,1,0,0,0,0,0,0,0,0,0,0,0
Brains Damage,4.4,0,0,0,1,1,0,0,0,1,0,1,1
Brainstorm Haze,3.9,0,1,0,0,0,0,1,1,0,1,0,1
Brainwreck,4.7,1,0,0,1,0,0,1,1,0,0,0,1
Brand X,5,0,0,0,1,1,0,1,0,1,0,1,0
Brandywine,4.5,0,0,1,1,1,0,1,1,0,0,0,0
Brazil Amazonia,4.5,0,0,0,1,1,0,1,1,0,0,0,1
Brian Berry Cough,4.5,0,1,0,0,1,0,1,1,1,0,0,0
Bright Fire,5,1,0,0,1,1,0,0,1,1,0,0,0
Bright Moments,0,0,0,0,0,0,0,0,0,0,0,0,0
Broke Diesel,5,1,1,0,1,0,0,1,1,0,0,0,0
Bronze Whaler,0,0,0,0,0,1,0,0,0,1,0,0,0
Brooklyn Mango,4.9,0,0,0,1,0,1,1,1,0,1,0,0
Bruce Banner,4.6,1,0,0,1,1,0,1,1,0,0,0,0
Bruce Banner 3,4.6,0,1,0,1,1,0,1,1,0,0,0,0
Bubba Berry,5,0,0,0,0,1,0,1,0,0,0,1,0
Bubba Doja,4,0,0,0,0,0,0,0,0,0,0,0,0
Bubba Fresh,5,1,0,1,0,0,1,0,1,0,0,1,0
Bubba Hash,0,0,0,0,0,0,0,0,0,0,0,0,0
Bubba Kush,4.3,0,0,0,1,1,0,1,0,1,0,1,0
Bubba Og,4.3,0,0,0,1,1,0,1,1,0,0,1,0
Bubba Tom Hayes,4.9,1,0,0,1,0,0,1,1,0,1,0,0
Bubba X Skunk,5,1,0,1,1,1,0,1,0,0,0,0,0
Bubbas Bitch,4,0,0,1,0,1,0,0,1,1,0,1,0
Bubbas Gift,4.6,0,0,0,1,1,0,1,1,0,0,0,1
Bubble Cheese,3.8,0,0,1,0,1,0,0,0,1,1,1,0
Bubble Gum,4.1,0,0,0,1,1,0,1,1,1,0,0,0
Bubbleberry,4.4,0,0,0,0,1,0,1,1,1,0,0,1
Bubblegum Kush,4.3,0,0,0,0,1,0,1,1,0,1,1,0
Bubblegun,3.8,0,0,0,0,0,1,1,1,0,1,0,1
Bubblicious,4.3,0,0,0,0,1,0,1,1,0,1,0,0
Buckeye Purple,4.3,0,0,0,1,1,0,1,0,0,0,1,1
Buddha Haze,4.6,0,0,0,1,0,0,1,1,0,1,0,0
Buddha Tahoe,4.5,0,0,0,1,1,0,1,1,1,0,0,0
Buddhas Hand,4.7,0,1,0,1,0,1,0,1,0,0,0,1
Buddhas Sister,4.3,0,0,0,1,1,0,1,1,0,0,1,0
Buffalo Bill,4.2,0,0,1,1,1,0,1,1,0,0,0,0
Bugatti Og,4.6,0,0,0,0,1,0,1,1,1,0,1,0
Burkle,4.9,0,0,0,1,1,0,1,1,0,0,1,0
Burmese Kush,4.2,1,0,0,1,1,0,1,1,0,0,0,0
Burnt Cookies,0,0,0,0,0,0,0,0,0,0,0,0,0
Butter Og,4.3,0,0,0,1,1,0,1,0,0,0,1,0
Butterscotch,4.3,1,0,0,1,1,0,0,0,0,0,1,1
C13 Haze,4.4,1,1,0,1,0,0,0,1,0,0,0,0
C3,5,0,0,0,0,0,0,0,0,0,0,0,0
C3Po,4.3,0,0,0,0,1,0,0,1,1,0,1,1
C4,4.5,1,0,0,1,1,0,1,1,0,0,0,0
Cbd Blue Shark,4.3,0,0,0,1,1,0,1,1,0,0,0,1
Cbd Critical Cure,4.6,0,0,0,1,1,0,1,0,0,0,1,1
Cbd Critical Mass,4.6,0,0,0,0,1,0,1,1,1,0,1,0
Cbd Kush,4.5,0,0,0,1,1,0,1,1,0,0,0,1
Cbd Lilly,4.5,0,1,0,1,0,0,1,0,0,0,1,1
Cbd Mango Haze,4.4,0,1,0,1,1,0,0,1,0,0,0,1
Cbd Ox,5,0,0,0,1,0,1,1,0,1,0,1,0
Cbd Rich Blessing,0,0,0,0,0,0,0,0,0,0,0,0,0
Cbd Shark,4.5,0,0,1,1,1,0,1,0,0,0,1,0
Chr Super Og,4.3,0,0,0,0,1,0,1,0,0,1,1,0
Cabbage Patch,4.4,0,1,0,0,1,0,1,1,0,0,0,0
Cackleberry,0,0,0,0,0,0,0,0,0,0,0,0,0
Cactus,4.6,0,0,0,1,1,0,1,1,1,0,0,0
Cactus Cooler,4.5,1,1,0,1,0,0,1,0,0,0,0,1
Cadillac Purple,4.2,0,0,1,0,1,0,1,0,1,0,1,0
Cali Gold,4.5,0,0,0,1,1,0,1,1,0,0,1,0
Cali Jack,4.7,1,0,0,1,0,0,1,1,0,1,0,0
Cali Kush,4.2,0,0,0,1,1,0,1,1,1,0,0,0
California Grapefruit,4.4,0,0,1,1,1,0,0,1,0,1,0,0
California Hash Plant,5,1,1,0,0,0,0,1,1,0,0,0,0
California Orange,4.3,0,0,0,1,1,0,1,1,0,0,0,0
California Sour,3.6,0,1,0,1,1,0,0,1,0,0,0,1
Calyx Og,0,0,0,0,0,0,0,0,0,0,0,0,0
Cambodian,4.2,0,1,0,0,1,0,1,1,0,1,0,0
Cambodian Haze,4.6,1,0,0,1,1,1,1,0,0,0,0,0
Candy Cane,4.4,0,0,0,1,1,0,1,0,1,0,1,0
Candy Jack,4.3,1,1,0,1,0,0,1,0,0,0,0,1
Candyland,4.6,1,1,0,1,0,0,1,1,0,0,0,0
Canna Tsu,4.5,1,0,0,0,1,0,1,1,0,0,0,1
Cannasutra,4.8,0,0,0,1,1,1,1,0,0,0,1,0
Cannadential,4.1,0,1,0,1,1,0,1,1,0,0,0,0
Cannalope Haze,4.2,1,1,0,0,1,0,1,1,0,0,0,0
Cannalope Kush,4.5,0,0,0,1,1,0,1,1,0,0,0,1
Cannatonic,4.3,0,0,0,1,1,0,1,1,0,0,0,1
Capers,4.6,0,0,0,0,1,0,1,1,1,0,1,0
Capleton,4,0,0,1,1,0,0,1,0,0,0,1,0
Captain America Og,4.6,1,0,0,1,1,0,1,1,0,0,0,0
Captains Cake,4.7,0,1,0,1,1,0,1,0,0,0,0,1
Caramel Candy Kush,4.6,1,0,0,0,1,0,1,0,0,1,0,1
Caramel Kona Coffee Cookies,0,0,0,0,0,0,0,0,0,0,0,0,0
Caramel Kona Coffee Kush,4.5,0,0,1,0,1,0,1,1,1,0,0,0
Caramelicious,4.2,1,0,0,1,1,0,1,0,0,0,0,1
Caramella,4.8,0,0,0,1,1,1,0,0,0,0,0,0
Caramelo,4.1,0,1,0,0,1,0,1,1,0,1,0,0
Carl Sagan,4.4,0,0,0,0,1,1,1,1,0,0,0,1
Carnival,4.3,0,1,0,0,1,0,1,1,0,1,0,0
Cascadia Kush,4.6,0,0,1,0,1,1,0,1,0,0,1,0
Casey Jones,4.2,1,1,0,0,0,0,1,1,1,0,0,0
Cashus Clay,4.2,0,1,0,1,0,0,1,1,0,1,0,0
Casper Og,5,0,0,0,1,1,0,0,1,1,0,1,0
Cat Piss,3.9,0,0,0,1,1,0,1,1,0,1,0,0
Cataract Kush,4.4,0,0,0,1,1,0,1,1,1,0,0,0
Catfish,4.8,1,1,0,1,0,0,1,1,0,0,0,0
Cello Sweet Og,4,1,0,0,1,1,0,0,1,0,0,1,0
Central American,4,0,0,0,1,1,0,1,0,1,0,0,0
Cerebro Haze,4.2,1,1,0,0,1,0,1,1,0,0,0,0
Chairman Chem Sou,4.4,1,1,0,1,0,0,1,1,0,0,0,0
Champagne Kush,4.2,0,0,0,1,1,0,1,1,0,1,0,0
Charlie Sheen,4.6,0,0,0,1,1,0,1,0,0,0,1,1
Charlottes Web,4.5,0,1,0,0,1,0,1,1,0,0,0,1
Cheese,4.1,0,0,0,1,1,0,1,1,1,0,0,0
Cheese Candy,4.3,1,0,0,0,1,0,1,1,0,0,1,0
Cheese Quake,4.3,0,0,1,1,1,0,1,1,0,0,0,0
Cheeseburger,3.3,1,0,1,0,1,1,0,1,0,0,0,0
Cheesewreck,4.3,1,0,0,1,1,0,1,1,0,0,0,0
Chem Crush,4.1,1,1,0,0,0,0,1,1,0,1,0,0
Chem Dog,4.7,0,0,0,1,1,0,1,0,1,0,1,0
Chem Jack,5,1,0,0,0,0,1,1,1,0,1,0,0
Chem Jong Ill,5,1,1,0,0,0,0,1,1,0,1,0,0
Chem Scout,4.5,1,0,0,1,1,0,1,0,0,0,0,1
Chem Valley Kush,4.3,0,0,1,1,1,0,1,0,0,0,1,0
Chems Sister,4.5,1,0,0,1,1,0,1,0,0,0,0,1
Chemwreck,4.6,0,1,0,0,1,0,1,1,0,1,0,0
Chemdawg,4.3,1,0,0,1,1,0,1,1,0,0,0,0
Chemdawg 4 X Alien Og Kush,4.5,1,1,0,1,1,0,1,0,0,0,0,0
Chemdawg 4,4.4,0,0,0,1,1,0,1,1,1,0,0,0
Chemdawg 91,4.5,0,0,1,1,1,0,1,1,0,0,0,0
Chemdawg Sour Diesel,4.5,0,1,0,1,1,0,1,1,0,0,0,0
Chemmy Jones,4.7,1,0,0,1,1,0,1,1,0,0,0,0
Chemnesia,4.8,0,1,0,1,1,0,1,1,0,0,0,0
Chemo,4.4,0,0,0,1,1,0,1,0,1,0,1,0
Cherwillie,5,1,1,0,0,1,0,1,0,0,0,0,1
Chernobyl,4.4,0,1,0,1,1,0,1,1,0,0,0,0
Cherries Jubilee,4.4,1,0,0,1,1,0,1,1,0,0,0,0
Cherry Ak 47,4.4,0,0,0,1,1,0,1,1,0,0,0,1
Cherry Bomb,4.3,0,0,0,0,1,0,1,1,0,1,0,1
Cherry Cookies,4.6,0,0,0,1,1,0,1,1,0,0,0,1
Cherry Cream Pie,4.3,1,1,0,1,1,0,0,1,0,0,0,0
Cherry Diesel,4.7,0,1,0,1,1,0,1,1,0,0,0,0
Cherry Durban Poison,4.3,0,0,0,1,0,1,0,1,0,0,1,0
Cherry Fire,0,0,0,0,0,0,0,0,0,0,0,0,0
Cherry Grapefruit,4.3,1,0,1,0,1,0,1,1,0,0,0,0
Cherry Kola,4.7,0,0,1,1,1,0,1,0,0,0,0,0
Cherry Kush,4.2,1,0,0,1,1,0,1,1,0,0,0,0
Cherry Limeade,4.3,0,0,1,1,1,0,1,1,0,0,0,0
Cherry Og,4.2,0,0,0,1,1,0,1,1,1,0,0,0
Cherry Pie,4.4,0,0,0,1,1,0,1,1,0,0,0,1
Cherry Pie Kush,4.2,0,0,0,1,1,0,1,0,0,0,1,0
Cherry Sauce,5,1,1,1,0,0,0,0,1,0,1,0,0
Cherry Sherbet,4.3,0,0,1,0,0,1,0,0,0,1,1,0
Cherry Skunk,4.4,0,0,0,0,1,1,1,1,1,0,0,0
Cherry Slyder,4.7,0,0,0,0,1,0,1,1,0,0,0,1
Cherry Thunder Fuck,4.8,0,1,0,1,0,0,1,1,0,0,0,1
Chicle,5,0,0,0,1,0,1,1,0,1,0,0,1
Chiesel,4.4,0,0,0,1,1,0,1,1,0,0,0,1
China Yunnan,4.3,0,0,0,1,1,0,1,1,0,0,1,0
Chiquita Banana,4.9,1,0,0,1,1,0,1,1,0,0,0,0
Chloe,4.9,1,0,0,1,0,0,0,1,0,1,0,1
Chocoholic,0,0,0,0,0,0,0,0,0,0,0,0,0
Chocolate Chunk,4.2,0,0,0,1,1,0,1,0,1,0,1,0
Chocolate Diesel,4.6,1,1,0,1,0,0,1,1,0,0,0,0
Chocolate Drop,5,0,0,0,1,1,0,1,1,0,0,0,0
Chocolate Fondue,4.6,0,0,0,1,1,0,1,1,0,0,0,1
Chocolate Hashberry,4.5,0,0,0,1,1,0,1,1,0,0,1,0
Chocolate Kush,4.5,0,0,0,1,1,0,1,0,1,0,1,0
Chocolate Meringue,0,0,0,0,0,0,0,0,0,0,0,0,0
Chocolate Og,4.8,0,0,1,1,1,1,0,1,0,0,0,0
Chocolate Rain,5,1,1,0,0,0,0,1,1,0,1,0,0
Chocolate Sap,4.5,0,1,0,1,0,0,1,1,0,1,0,0
Chocolate Thai,4.2,1,1,0,0,0,0,1,1,0,0,0,1
Chocolate Thunder,4.1,1,1,0,0,0,0,1,1,0,0,0,1
Chocolate Tonic,0,0,0,0,0,0,0,0,0,0,0,0,0
Chocolope,4.3,0,1,0,1,0,0,1,1,0,0,0,1
Chocolope Kush,4,1,0,0,1,0,0,1,1,0,0,0,1
Chong Star,4.5,1,0,0,1,1,0,1,1,0,0,0,0
Chronic,4.4,0,1,0,1,1,0,1,0,0,0,0,0
Chronic Thunder,4.5,0,0,1,1,1,0,1,0,0,0,1,0
Chuckys Bride,4.6,0,1,0,1,0,0,1,0,0,1,0,0
Chunky Diesel,4.6,0,1,0,1,1,0,1,1,0,0,0,0
Chupacabra,4.8,0,1,0,0,1,0,1,1,0,0,0,1
Church Og,4.1,0,0,0,1,1,0,1,1,0,0,1,0
Cinderella 99,4.4,0,1,0,1,1,0,1,1,0,0,0,0
Cinderellas Dream,4.4,1,1,0,1,0,0,0,1,0,0,0,1
Cindy White,4.6,0,0,0,1,1,0,1,1,0,1,0,0
Cinex,4.3,0,1,0,1,0,0,1,1,0,0,0,1
Cirrus,5,1,0,0,1,0,0,1,1,0,1,0,0
Citrix,4.3,0,1,0,1,1,0,1,1,0,0,0,0
Citrus Kush,4.2,0,0,1,1,1,0,1,1,0,0,0,0
Citrus Punch,4.2,0,0,0,1,1,0,1,1,0,0,0,0
Citrus Sap,4.4,0,1,0,1,1,0,1,1,0,0,0,0
Citrus Sunshine Haze,4.8,1,1,0,0,0,0,1,1,0,0,0,1
Clementine,4.3,0,1,0,1,0,0,1,1,0,0,0,1
Clementine Kush,4.4,0,0,1,1,1,0,1,0,0,0,0,0
Clementines Terpentine,5,1,0,0,0,0,1,1,1,0,0,0,1
Clockwork Orange,5,0,0,0,0,1,1,1,1,1,0,0,0
Cloud 9,4.3,0,1,0,1,1,0,1,0,0,0,0,0
Club 69,5,0,0,0,0,1,0,0,0,0,0,1,0
Cluster Bomb,4.3,0,0,0,1,1,0,0,1,0,0,1,1
Coconut Oil,3,1,0,0,0,1,1,1,1,0,0,0,0
Cold Creek Kush,4.3,0,0,0,1,1,0,1,1,1,0,0,0
Colombian Gold,4.5,0,1,0,1,0,0,1,1,0,1,0,0
Colombian Mojito,5,1,0,1,0,0,1,0,1,0,1,0,0
Colorado Bubba,4.6,1,0,0,0,1,0,1,1,0,0,1,0
Colorado Chem,4.4,0,0,1,1,1,0,1,1,0,0,0,0
Colorado Clementines,4.5,0,0,0,1,1,0,1,0,1,0,1,0
Commerce City Kush,4.3,0,0,0,1,1,0,1,0,0,1,1,0
Concord Grape Blockhead,4.3,1,0,0,1,1,0,1,0,0,0,0,0
Confidential Cheese,4.5,0,0,1,0,1,0,1,1,0,0,1,0
Confidential Wreck,4.2,1,0,1,0,1,0,0,1,1,0,0,0
Congo,5,0,1,0,1,0,0,1,1,0,1,0,0
Connie Chung,4.2,1,0,0,0,1,0,1,1,0,0,1,0
Conspiracy Kush,4.6,0,0,0,0,1,0,1,1,0,0,1,0
Cookie Breath,5,0,0,0,1,1,0,1,1,0,0,0,0
Cookie Dough,4.5,0,0,0,1,1,0,1,0,1,0,0,0
Cookie Jar,4.6,0,0,0,1,1,0,0,1,1,0,1,0
Cookie Monster,4.5,0,0,0,1,1,0,1,0,1,0,1,0
Cookie Wreck,4.6,0,0,0,1,1,0,1,1,0,0,0,1
Cookies Kush,4.5,0,0,0,1,1,0,1,0,1,0,1,0
Cookies And Cream,4.6,0,0,0,1,1,0,1,1,0,0,1,0
Cookies And Dream,4.5,0,0,0,1,1,0,1,1,0,0,0,0
Copper Kush,3.9,0,0,1,1,1,0,1,1,0,0,0,0
Corleone Kush,4.6,0,0,0,1,1,0,1,0,1,0,1,0
Cornbread,4.6,0,0,0,1,1,0,1,0,1,0,1,0
Cosmic Collision,4.2,0,1,0,1,1,0,0,1,0,1,0,0
Cotton Candy Kush,4.3,0,1,0,1,1,0,1,1,0,0,0,0
Cotton Purple Chem,4.4,0,0,1,1,1,0,1,1,0,0,0,0
Cowboy Kush,4.8,1,0,0,1,1,0,1,1,0,0,0,0
Cracker Jack,4.2,1,1,0,1,0,0,1,0,0,0,0,1
Crater Lake,4.6,1,0,0,0,1,0,1,1,0,1,0,0
Crazy Miss Hyde,4.9,1,0,0,1,1,0,1,1,0,0,0,0
Cream Caramel,4.2,0,0,1,0,1,0,1,0,0,0,1,1
Crimea Blue,4.3,1,0,0,1,0,0,1,1,0,0,1,0
Critical 47,4.3,0,0,0,0,1,0,1,0,0,1,1,0
Critical Bilbo,4.4,0,0,0,1,1,0,1,0,1,0,1,0
Critical Cheese,4.2,0,1,0,1,1,0,1,0,0,0,0,1
Critical Haze,4.3,0,0,0,0,1,0,1,1,1,0,0,0
Critical Hog,4.2,0,0,0,1,1,0,1,1,0,0,1,0
Critical Jack,4.4,1,1,0,0,0,0,1,1,0,0,0,1
Critical Kali Mist,4.6,1,0,0,1,0,0,1,1,0,0,0,1
Critical Kush,4.5,0,0,0,1,1,0,1,1,0,0,1,0
Critical Mass,4.3,0,0,0,1,1,0,1,0,1,0,1,0
Critical Plus,4.2,1,0,0,0,1,0,1,0,1,0,1,0
Critical Plus 20,4.2,0,0,0,1,1,1,1,1,0,0,0,0
Critical Sensi Star,4.2,0,0,0,1,1,0,1,1,0,0,1,0
Critical Skunk,4.5,1,0,0,0,1,1,1,0,1,0,0,0
Critical Widow,4.3,0,0,0,1,1,0,0,1,0,0,1,1
Critters Cookies,3.5,0,0,1,1,1,1,0,1,0,0,0,0
Cronuts,4.7,0,0,0,0,0,0,0,0,0,0,0,0
Crosswalker,4.4,1,0,0,1,1,0,1,1,0,0,0,0
Crouching Tiger Hidden Alien,4.8,0,0,1,1,1,0,1,1,0,0,0,0
Crown Og,4.7,0,0,0,1,1,0,1,1,0,0,1,0
Crown Royale,4.7,0,0,0,1,1,1,1,0,0,0,1,0
Crunch Berry Kush,4.4,0,0,0,1,1,0,1,1,0,0,1,0
Crypt,4.4,0,0,0,1,1,0,1,1,0,0,0,1
Crystal Coma,4.6,1,0,0,1,0,0,1,1,0,0,0,1
Crystal Gayle,4.4,1,0,0,1,0,0,1,0,1,0,0,1
Crystalberry,4.5,0,0,0,0,1,1,1,1,0,0,0,0
Cuvee,4.5,0,0,1,1,1,0,1,0,0,0,0,0
Dj Andy Williams,5,1,1,0,0,0,0,0,0,0,0,0,0
Dj Short Blueberry,4.4,0,0,0,1,1,0,1,1,0,0,1,0
Dj Smoke,4,0,0,0,1,1,1,0,1,0,1,0,0
Dairy Queen,4.4,1,0,0,1,1,0,1,1,0,0,0,0
Dakini Kush,4.5,0,0,0,1,1,0,1,0,0,0,1,0
Damn Sour,4,1,0,1,0,0,0,1,1,1,0,0,0
Damnesia,4.2,0,1,0,1,1,0,1,1,0,0,0,0
Dance World,4.6,0,0,0,1,1,0,1,1,0,1,0,0
Dancehall,4.6,1,1,0,0,1,0,1,1,0,0,0,0
Dank Schrader,4.9,0,0,0,1,1,0,1,1,1,0,0,0
Dank Sinatra,5,0,0,0,1,1,0,1,1,0,0,1,0
Double D,4.3,0,1,0,1,0,1,1,1,0,0,0,0
Dark Blue Dream,4.6,0,0,0,1,1,0,1,1,0,0,0,0
Dark Side Of The Moon,4.6,0,0,0,1,1,0,1,1,0,0,1,0
Dark Star,4.4,0,0,0,1,1,0,1,0,1,0,1,0
Darkside Og,4.6,0,0,0,1,1,0,1,0,1,0,1,0
Darth Vader Og,4.4,0,0,1,1,1,0,0,0,1,0,1,0
Dawgs Waltz,4.6,0,0,0,1,1,0,1,1,0,0,1,0
Dawgfather Og,4.1,0,0,0,0,1,0,0,0,0,0,1,0
Day Tripper,4,0,0,0,1,1,0,1,1,0,0,1,0
Deadhead Og,4.4,1,0,0,1,1,0,1,1,0,0,0,0
Deadwood,3.9,0,0,0,0,1,0,1,1,0,1,0,0
Death Bubba,4.7,0,0,0,1,1,0,1,1,0,0,1,0
Death Star,4.6,0,0,0,1,1,0,1,1,0,0,1,0
Deathstar Og,4.6,0,0,1,1,1,0,1,0,0,0,1,0
Deep Cheese,4.3,1,0,0,0,1,0,0,1,1,1,0,0
Deep Chunk,4.3,1,0,0,0,1,0,1,1,0,0,1,0
Deep Purple,3.9,0,0,1,1,1,0,1,0,0,0,1,0
Deep Sleep,4.5,0,0,1,1,1,0,1,0,0,0,1,0
Delahaze,4.5,0,1,0,0,0,0,1,1,0,1,0,1
Denver Maple,4.4,0,0,1,0,1,0,0,1,0,0,1,0
Desert Star,4.8,1,0,1,0,0,0,0,1,1,0,1,0
Destroyer,4.9,0,1,0,1,0,0,1,1,0,0,0,0
Devil Fruit,4.4,0,0,0,1,1,0,1,0,1,0,0,1
Devils Tit,4.1,0,1,1,0,1,0,0,0,0,1,0,1
Diablo,4.1,1,0,1,1,0,0,1,1,0,0,0,0
Diamond Og,4.5,0,0,0,1,1,0,1,1,0,0,1,0
Diamond Socks,4.3,0,0,0,0,1,0,1,0,0,0,0,0
Diamond Valley Kush,5,1,1,0,0,1,0,1,0,0,0,1,0
Diesel Duff,3.8,0,0,0,1,0,0,1,1,0,1,0,0
Dieseltonic,4.1,0,0,0,0,1,0,0,1,0,0,1,1
Digweed,3.9,0,0,0,0,1,0,1,1,0,0,1,0
Dinachem,4.7,0,1,0,0,1,0,1,0,0,1,0,0
Dirty Girl,4.5,0,1,0,1,0,0,1,1,0,0,0,1
Dirty Old Bastard,5,0,0,0,0,0,0,0,0,0,0,0,0
Dirty Widow,4.2,0,1,1,1,0,0,0,1,0,1,0,0
Disney Blue,4.5,1,1,0,0,0,0,1,0,0,0,0,1
Dizzy Og,5,0,0,0,0,1,0,1,1,1,0,0,0
Django,4.6,0,1,0,1,0,0,1,1,0,1,0,0
Do Over Og,4.7,1,0,0,1,0,0,1,1,0,1,0,0
Do Si Dos,4.8,0,0,0,1,1,0,1,0,1,0,1,0
Doctor Doctor,5,0,0,0,0,1,1,1,1,0,0,0,1
Dog Shit,4.3,1,0,0,1,1,0,1,1,0,0,0,0
Dogwalker Og,4.7,0,0,0,1,1,0,1,1,0,0,1,0
Dolla Sign Og Kush,5,1,1,0,0,0,0,0,1,1,0,1,0
Domino,4,0,0,1,1,0,0,1,1,0,0,1,0
Don Shula,5,0,0,0,1,1,0,1,1,0,1,0,0
Donegal,3.8,0,1,0,1,1,0,0,0,0,1,1,0
Donna Og,4.6,1,0,0,1,1,0,1,0,1,0,0,0
Doobiebird Daydream,4.6,0,0,1,1,1,0,1,0,0,1,0,0
Doox,4.4,0,1,1,0,0,0,1,1,0,0,0,1
Dopium,4.5,0,1,0,1,1,0,0,1,0,0,0,1
Dorit,4.4,0,0,1,1,1,0,0,1,0,0,1,0
Double Barrel Og,4.2,0,0,0,1,1,0,0,1,1,0,1,0
Double Diesel,4.2,1,1,0,1,0,0,1,0,0,0,0,1
Double Dream,4.5,0,0,0,1,1,0,1,1,0,0,0,1
Double Dutch,4.3,1,1,0,0,0,0,0,1,1,1,0,0
Double Mint,5,0,0,1,1,0,0,0,1,0,1,1,0
Double Og,4.6,0,0,0,1,1,0,1,0,0,0,1,1
Double Purple Doja,4.7,1,0,0,1,1,0,1,0,0,0,1,0
Double Tangie Banana,4.4,0,1,0,1,1,0,1,1,0,0,0,0
Double Tap,5,0,0,0,0,1,0,1,0,0,1,0,0
Dougs Varin,5,1,1,0,0,0,0,0,1,0,1,0,1
Dr Bubbles,4,0,0,0,0,0,0,0,0,0,0,0,0
Dr Feelgood,4.5,0,0,1,1,1,0,1,0,0,0,1,0
Dr Funk,4.6,0,0,1,0,1,1,1,0,0,0,1,0
Dr Grinspoon,4.8,1,1,0,0,0,0,1,1,0,1,0,0
Dr Quantum,0,0,0,0,0,0,0,0,0,0,0,0,0
Dr Who,4.5,1,0,0,1,1,0,1,1,0,0,0,0
Dragon Og,4.4,0,0,0,1,1,0,1,1,0,0,0,1
Dragons Breath,4.6,1,0,0,0,1,0,1,1,0,1,0,0
Dreadlock,4,0,0,1,0,1,0,0,1,0,1,0,1
Dream Beaver,4.7,1,1,0,0,0,0,1,1,0,1,0,0
Dream Berry,4.5,0,0,0,1,1,0,1,0,0,0,1,0
Dream Lotus,4.3,0,1,0,1,1,0,1,1,0,0,0,0
Dream Police,3.7,1,1,0,1,0,0,0,1,0,1,0,0
Dream Queen,4.3,0,1,0,1,1,0,1,1,0,0,0,0
Dream Star,4.8,1,0,0,1,1,0,0,1,0,1,0,0
Dreamers Glass,4.4,1,0,0,1,1,0,0,1,0,0,0,0
Drizella,4.8,0,1,0,1,0,0,1,1,0,0,0,0
Duke Nukem,4.4,1,1,0,1,0,0,1,0,0,0,0,1
Durban Berry,4.6,1,0,0,0,1,0,1,1,0,0,0,1
Durban Cheese,4.2,0,0,0,1,1,0,0,1,1,0,0,0
Durban Cookies,4.5,0,0,0,1,1,0,1,1,1,0,0,0
Durban Poison,4.4,0,1,0,1,0,0,1,1,0,0,0,1
Durga Mata,4.9,1,0,0,0,1,0,1,1,0,0,0,0
Dutch Crunch,4.2,0,0,1,0,1,1,0,0,1,0,0,1
Dutch Dragon,4.5,1,0,0,1,1,0,1,0,0,0,0,1
Dutch Hawaiian,4.3,0,1,0,1,1,0,1,1,0,0,0,0
Dutch Haze,4,1,1,0,0,1,1,1,0,0,0,0,0
Dutch Kush,3.9,1,0,0,0,1,0,0,0,1,0,1,0
Dutch Queen,4.4,0,0,1,1,1,0,1,0,0,1,0,0
Dutch Thunder Fuck,4.9,1,0,0,1,1,0,0,1,0,1,0,0
Dutch Treat,4.3,0,0,0,1,1,0,1,1,0,0,0,1
Dutch Treat Haze,4.5,0,1,0,1,1,0,1,1,0,0,0,0
Dutchberry,4.5,1,1,0,0,1,0,1,1,0,0,0,0
Dynamite,4.4,0,0,0,1,1,0,1,0,1,0,1,0
Early Girl,3.8,0,0,0,0,1,0,1,1,1,1,0,0
Early Miss,3.9,1,0,0,1,1,1,0,0,0,1,0,0
Early Pearl,3.9,0,0,0,1,1,0,0,0,1,1,0,1
Early Skunk,4.1,0,1,0,0,1,0,1,1,1,0,0,0
Earth Og,4.2,1,0,0,0,1,0,1,0,1,0,1,0
Earthquake,4.5,1,1,0,1,0,0,1,1,0,0,0,0
Earthshaker Og,4.4,1,1,0,1,0,1,1,0,0,0,0,0
East Coast Alien,4.4,0,0,0,1,1,0,1,0,1,0,0,1
East Coast Sour Diesel,4.3,0,1,0,1,1,0,1,1,0,0,0,0
Eastern European,5,0,0,0,0,1,0,1,0,0,0,1,0
Easy Bud,4.7,1,0,0,1,1,0,1,1,0,0,0,0
Easy Peezy,4.5,1,0,0,1,1,0,0,1,0,0,1,0
Ebola 7,4.5,1,1,0,0,1,0,0,1,0,1,0,0
Ecto Cooler,4.4,1,0,0,1,0,0,1,1,0,0,0,1
Ed Rosenthal Super Bud,4.3,1,0,0,1,1,0,0,1,0,0,0,1
Edelweiss,4.1,1,0,0,0,1,0,1,0,1,0,1,0
El Chapo Og,4.7,0,0,0,1,1,0,1,1,0,0,1,0
El Jeffe,4.7,0,0,1,1,1,0,1,1,0,0,0,0
El Nino,3.8,0,0,0,0,1,0,1,1,0,1,1,0
El Perro,4.9,0,0,0,1,1,0,1,1,0,0,1,0
El Na,5,0,0,1,0,1,1,1,0,0,0,0,0
Elderberry Kush,4.1,0,0,0,1,1,0,1,0,1,0,1,0
Electric Black Mamba,5,1,0,0,1,1,0,0,1,0,0,1,0
Electric Kool Aid,4.8,0,0,0,1,0,0,1,1,0,1,0,0
Electric Lemon G,4.2,0,1,0,1,0,0,1,1,0,0,0,1
Electric Lemonade,4.8,1,1,1,0,0,0,1,1,0,0,0,0
Elephant,4,0,0,0,1,0,1,1,0,0,0,1,1
Elmers Glue,4.8,0,0,0,1,1,0,0,1,1,0,0,1
Elphinstone,4.5,0,1,0,0,0,0,1,1,0,1,0,1
Elvis,4.6,0,0,0,1,1,0,0,1,0,1,1,0
Emerald Jack,4.4,1,1,0,1,0,0,1,1,0,0,0,0
Emerald Og,4.7,0,0,0,1,1,0,1,1,0,0,1,0
Emperor Cookie Dough,4.9,0,0,0,1,1,0,1,1,0,0,0,0
Endless Sky,4.5,0,0,0,1,1,0,1,0,1,0,1,0
Enemy Of The State,4.1,0,0,1,1,0,1,0,0,0,0,0,1
Enigma,4.6,0,0,0,1,1,0,1,0,0,0,1,0
Eran Almog,4.3,0,0,0,1,1,0,1,1,0,0,1,0
Erdpurt,0,0,0,0,0,0,0,0,0,0,0,0,0
Erez,4.3,0,0,1,1,1,0,1,0,0,0,1,0
Ether,3.5,0,0,0,1,0,0,1,1,1,0,1,0
Ethiopian,3,0,0,0,0,0,0,0,0,1,0,0,0
Euphoria,4.3,1,1,0,1,1,0,1,0,0,0,0,0
Eugene Cream,4.6,1,0,1,1,1,0,0,0,0,0,1,0
Euphoria Cookies,5,1,0,0,1,1,0,1,1,0,0,0,0
Everlast,4.6,0,0,1,1,1,0,1,0,0,0,1,0
Ewok,4.6,1,0,0,1,1,0,1,1,0,0,0,0
Exodus Cheese,4.3,0,0,0,1,1,0,1,1,0,0,0,1
Extreme Cream,4.8,0,0,0,1,1,0,1,1,0,0,1,0
Extreme Og,4.9,0,0,0,0,1,1,1,0,1,0,1,0
Fn Louzer,0,0,0,1,0,1,1,0,0,0,0,1,1
Face Off Og,4.8,0,0,1,1,1,0,1,0,0,0,1,0
Fallen Angel,5,0,0,0,1,1,0,0,1,1,0,1,0
False Teeth,5,1,0,1,0,1,0,1,1,0,0,0,0
Fast Eddy,4.2,1,0,0,1,1,0,1,0,0,0,1,0
Fat Axl,4.3,1,1,0,0,0,0,1,1,0,1,0,0
Fat Nelson,4.6,1,1,0,1,0,0,1,1,0,0,0,0
Fat Purple,4.7,0,0,0,1,1,1,1,0,0,0,0,0
Faygo Red Pop,4.8,1,0,0,1,1,0,1,0,0,0,0,0
Fighting Buddha,5,0,0,0,0,0,0,0,0,0,0,0,0
Fire Alien Kush,4.5,0,0,0,1,0,1,1,1,0,0,0,0
Fire Alien Strawberry,4,0,1,0,0,1,0,1,0,1,1,0,0
Fire Haze,4.2,0,0,0,1,1,0,1,1,0,0,0,1
Fire Og,4.4,0,1,0,1,1,0,1,1,0,0,0,0
Firewalker Og,4.3,1,0,0,1,1,0,1,1,0,0,0,0
First 48,4,0,0,0,0,1,0,0,1,1,0,0,1
Flaming Cookies,4.2,0,0,1,1,1,0,1,0,0,0,1,0
Flo,4.2,1,0,0,0,1,0,1,1,0,0,0,1
Flo Limone,4.8,0,0,1,1,1,0,1,1,0,0,0,0
Flo Og,4.6,1,0,0,1,1,0,1,1,0,0,0,0
Flo Walker,4.8,1,1,0,1,1,0,1,0,0,0,0,0
Flowerbomb Kush,4.6,1,0,0,1,1,0,1,0,1,0,0,0
Flowers For Algernon,5,1,1,0,0,0,1,0,1,0,1,0,0
Forbidden Fruit,4.6,1,0,0,1,1,0,1,0,0,0,1,0
Fortune Cookies,4.6,1,0,0,1,1,0,1,0,0,0,0,1
Four Cups,5,0,1,1,0,0,1,0,1,0,1,0,0
Four Star General,4.8,0,0,0,1,1,0,1,0,1,0,1,0
Four Way,5,0,0,0,1,1,0,0,0,0,0,1,1
Franks Gift,3.9,0,0,0,0,1,0,1,1,0,0,0,1
Frankenstein,4.4,0,0,1,1,1,0,1,0,0,0,1,0
Fred Flipn Stoned,5,0,0,1,1,1,0,1,0,0,0,1,0
Freezeland,3.6,0,0,0,0,1,0,1,0,0,1,1,1
Frida,4.9,1,0,0,0,1,1,1,0,0,0,1,0
Frisian Dew,4.2,0,0,1,1,1,0,1,1,0,0,0,0
Frisian Duck,4.4,0,0,0,1,1,0,1,0,1,0,1,0
Frostbite,4.3,0,0,1,0,1,0,1,1,0,0,1,0
Frosted Freak,4.8,0,0,0,1,1,0,1,1,0,0,0,1
Frosty,4.4,1,0,0,0,1,0,1,0,1,0,1,0
Frosty Jesus,5,0,0,0,0,0,0,0,0,0,0,0,0
Fruit Loops,4.5,0,0,0,1,1,0,1,1,0,0,0,1
Fruit Punch,4.6,1,1,0,0,0,0,1,1,0,0,0,1
Fruit Spirit,4.4,0,0,0,1,1,0,1,0,0,0,1,1
Fruity Chronic Juice,4.2,1,0,0,1,1,0,1,1,0,0,0,0
Fruity Pebbles,4.4,0,0,0,1,1,0,1,1,0,0,0,0
Fruity Widow,4.9,0,0,0,0,1,0,1,0,1,1,1,0
Fruitylicious,4,0,0,0,1,1,1,1,1,0,0,0,0
Fucking Incredible,4.3,0,0,0,1,1,0,1,0,1,0,0,0
Full Moon,4.9,1,0,0,1,0,1,1,1,0,0,0,0
Funfetti,4.8,0,1,0,1,1,0,1,1,0,0,0,0
Funky Monkey,4.4,0,0,1,0,1,0,1,1,0,0,0,0
Future,4.8,0,0,0,1,1,0,1,1,0,0,1,0
G Force,5,0,0,0,0,0,0,0,0,0,0,0,0
Goat,4.4,0,1,0,1,1,0,1,0,0,0,1,0
G 13,4.4,0,0,0,1,1,0,1,1,1,0,0,0
G13 Diesel,4.8,1,0,0,1,1,0,1,0,0,0,0,1
G13 Haze,4.4,1,0,0,1,1,0,1,0,0,0,0,1
G13 Widow,4.8,1,0,1,1,0,0,0,0,0,0,1,1
Gg 1,4.5,0,0,0,1,1,0,1,1,0,0,1,0
Gg 4,4.7,0,0,0,1,1,0,1,1,1,0,0,0
Gg 5,4.5,0,0,0,1,1,0,1,1,0,0,1,0
Gi 001,5,1,1,0,1,0,0,0,1,0,0,0,1
Griz Kush,4.5,1,1,0,1,0,0,1,1,0,0,0,0
Gsc,4.5,1,0,0,1,1,0,1,1,0,0,0,0
Gto,4,1,1,0,1,0,0,0,1,0,0,0,1
Gabriel Sherbet,5,0,0,0,1,1,0,1,1,0,0,0,1
Galactic Jack,4.6,0,1,0,1,1,0,0,1,0,0,0,1
Galactica Og,5,0,0,0,1,1,0,0,0,0,0,0,1
Game Changer,4.5,0,0,0,1,1,0,1,1,0,0,1,0
Gandalf Og,4.9,0,0,1,1,1,0,1,0,0,0,1,0
Ganesh Berry,4.6,1,0,0,1,1,0,0,1,0,0,0,1
Garlic Bud,4.1,1,0,1,0,1,0,1,1,0,0,0,0
Gas Mask,4.2,0,0,1,1,1,0,0,0,0,0,1,0
Gatekeeper Og,5,0,0,0,1,1,0,0,1,0,0,1,1
Gelato,4.7,1,0,0,1,1,0,1,1,0,0,0,0
Gemstone,4.8,0,0,0,1,1,0,1,1,0,0,0,1
Georgia Pine,4.8,0,1,0,1,1,0,1,1,0,0,0,0
Ghost Bubba,4.6,0,1,0,0,1,0,1,1,0,0,0,0
Ghost Cookies,4.8,0,0,0,0,1,0,1,1,0,0,1,0
Ghost Og,4.5,0,0,0,1,1,0,1,1,1,0,0,0
Ghost Og Moonshine,4.8,0,0,0,1,1,0,1,1,1,0,0,0
Ghost Ship,4,0,0,1,1,1,0,1,0,0,0,1,0
Ghost Train Haze,4.6,0,1,0,1,0,0,1,1,0,0,0,1
Gigabud,4.4,0,1,1,0,1,0,1,1,0,0,0,0
Ginger Ale,4.9,1,0,0,1,1,0,1,0,0,0,0,0
Glad Max,4.3,1,0,0,1,1,0,1,1,0,0,0,0
Glass Apple,4.8,0,1,0,1,0,0,1,1,0,0,0,1
Glass Slipper,4.3,1,0,0,1,1,0,1,1,0,0,0,0
Glue Tech,4.6,0,0,0,1,1,0,1,1,1,0,0,0
Go Time,4.3,0,1,0,1,1,0,0,1,0,0,0,1
Gobbilygoo,4.5,0,0,0,1,1,0,1,0,1,0,1,0
Gobbstopper,4.5,1,0,0,1,1,0,1,0,0,0,1,0
God Bud,4.3,0,0,0,1,1,0,1,1,0,0,1,0
Gods Gift,4.5,0,0,0,1,1,0,1,0,1,0,1,0
Gods Green Crack,4.5,0,1,0,1,1,0,1,1,0,0,0,0
Godberry,4.6,0,0,0,1,1,0,1,0,1,0,1,0
Godfather Og,4.6,0,0,0,1,1,0,1,0,1,0,1,0
Godfather Purple Kush,4.3,0,0,1,1,1,0,1,0,0,0,1,0
Godzilla,4.3,0,0,1,1,1,0,1,0,1,0,0,0
Godzilla Blood,0,0,0,0,0,0,0,0,0,0,0,0,0
Godzilla Glue,4.7,0,0,0,1,1,0,1,1,0,0,0,1
Gods Bubba,4.7,0,0,1,0,1,0,1,1,0,0,1,0
Gods Treat,4.7,0,1,0,1,0,0,1,1,0,0,0,1
Gog Magog,4.5,0,0,0,1,0,0,1,1,1,0,1,0
Goji Diesel,4.8,1,0,0,1,0,0,1,1,0,0,0,1
Goji Og,4.5,1,0,0,1,1,0,1,1,0,0,0,0
Gold Kings Thai,4.5,1,1,0,0,0,1,1,1,0,0,0,0
Goldberry,4.5,1,0,1,1,0,0,1,0,0,0,0,1
Golden Calyx,5,0,1,0,0,1,1,1,1,0,0,0,0
Golden Gage,4.4,0,1,0,0,0,0,1,1,0,1,0,0
Golden Goat,4.5,0,1,0,1,1,0,1,1,0,0,0,0
Golden Lemon,4.7,0,0,1,1,1,0,1,1,0,0,0,0
Golden Nugget,4.8,1,0,0,0,0,1,1,1,0,0,0,1
Golden Panda,4.6,0,0,0,1,1,0,1,1,1,0,0,0
Golden Pineapple,4.5,1,0,0,1,1,0,1,1,0,0,0,0
Golden Soda,0,0,0,0,0,0,0,0,0,0,0,0,0
Golden State Banana,4.8,1,0,0,1,1,0,1,0,0,0,1,0
Golden Tangie,3.5,0,1,1,0,0,1,1,0,0,0,0,1
Golden Ticket,4.5,1,0,0,1,1,0,1,1,0,0,0,0
Golden Tiger,5,0,1,0,1,0,0,1,1,0,1,0,0
Goldwing,4.7,1,1,0,1,0,0,1,1,0,0,0,0
Goo,4.3,0,0,0,1,1,0,1,0,1,0,1,0
Gooberry,4.3,0,0,0,0,1,1,1,0,1,0,1,0
Good Medicine,4.3,0,1,0,0,0,0,1,1,0,1,0,1
Gorilla Biscuit,4.7,1,0,0,1,1,0,1,0,0,0,1,0
Gorilla Cookies,4.8,0,0,0,1,1,0,1,1,0,0,1,0
Gorilla Grips,5,0,0,0,1,1,0,1,1,0,0,1,0
Gorkle,5,1,0,0,0,1,1,1,0,0,0,0,1
Government Mule,4,0,0,0,1,1,0,0,0,0,0,0,0
Grand Doggy Purps,4.4,0,0,1,1,1,0,1,1,0,0,0,0
Grand Hindu,4.6,0,0,0,1,1,0,1,1,0,0,0,1
Grand Hustle,4.1,0,0,0,1,1,0,0,1,0,0,0,1
Granddaddy Purple,4.4,0,0,0,1,1,0,1,0,1,0,1,0
Grandmas Batch,4.8,1,0,1,1,0,0,1,1,0,0,0,0
Grandmas Sugar Cookies,5,1,1,0,0,1,0,1,0,0,0,0,1
Grandpa Larry Og,4.4,0,0,0,1,1,0,1,0,0,0,1,1
Grandpas Breath,4.7,1,0,0,1,1,0,0,1,0,0,1,0
Grape Ape,4.3,0,0,0,1,1,0,1,1,0,0,1,0
Grape Calyx,5,1,0,0,1,0,0,1,1,1,0,0,0
Grape Cookies,4.6,1,0,0,1,1,0,0,1,0,0,1,0
Grape Crush,4.3,0,1,0,0,0,0,1,1,1,1,0,0
Grape Dawg,0,0,0,0,0,0,0,0,0,0,0,0,0
Grape Drink,4.7,1,0,1,1,0,0,1,0,0,0,0,0
Grape God,4.3,0,0,0,1,1,0,1,1,0,0,1,0
Grape Inferno,4.5,0,0,1,1,1,0,1,0,0,0,1,0
Grape Krush,4.3,0,1,0,0,0,0,1,1,1,1,0,0
Grape Kush,3.9,0,0,0,1,1,0,1,0,0,0,1,0
Grape Ox,4.6,0,0,1,0,1,0,0,1,1,0,1,0
Grape Skunk,4.1,0,0,1,1,1,0,1,0,0,0,0,0
Grape Soda,4.9,1,0,0,1,1,0,1,1,0,0,0,0
Sour Grapes,4.4,0,0,0,1,1,0,1,1,1,0,0,0
Grape Valley Kush,4.8,0,0,0,1,1,1,1,0,0,0,1,0
Grapefruit,4.3,0,1,0,1,0,0,1,1,0,0,0,1
Grapefruit Diesel,4.2,0,1,0,1,1,0,1,0,0,0,0,1
Grapefruit Haze,4.4,0,1,0,1,1,0,1,1,0,0,0,0
Grapefruit Kush,4.3,1,0,0,0,1,0,1,1,0,0,0,1
Gravity,4,0,0,0,1,1,1,0,0,1,0,1,0
Grease Monkey,4.6,0,0,0,1,1,0,1,0,1,0,1,0
White Shark,4.2,0,0,0,1,1,0,1,1,0,0,0,1
Green Avenger,5,1,1,0,1,0,0,1,1,0,0,0,0
Green Candy,4.3,0,0,0,0,1,0,1,1,0,0,0,1
Green Cheese,4.1,1,1,0,1,1,0,0,0,0,0,0,1
Green Crack,4.3,0,1,0,1,0,0,1,1,0,0,0,1
Green Crack Extreme,4.6,1,1,0,1,0,0,0,1,0,0,0,1
Green Door Kush,4.5,1,0,0,1,1,0,1,0,1,0,0,0
Green Dragon,4.2,0,1,0,0,1,0,1,1,0,0,0,1
Green Dream,4.4,1,0,0,1,0,0,1,1,1,0,0,0
Green Goblin,4.3,1,0,0,1,0,0,1,1,0,0,0,1
Green Goddess,4.6,0,0,0,1,1,1,1,1,0,0,0,0
Green Haze,3.8,1,0,0,0,0,0,1,0,1,1,0,1
Green Hornet,4.2,0,0,0,1,1,0,1,1,0,0,0,0
Green Kush,3.8,0,1,0,1,1,0,0,0,1,0,0,1
Green Lantern,4.6,0,1,0,0,0,0,0,1,1,1,0,1
Green Line Og,5,0,0,0,0,1,0,1,1,1,0,1,0
Green Love Potion,4.1,1,0,0,0,1,0,1,1,1,0,0,0
Green Mango,4.4,1,0,0,1,1,0,1,1,0,0,0,0
Green Monster,3.7,0,0,0,0,1,0,1,1,1,0,0,0
Green Poison,4.2,0,0,0,1,1,0,1,0,1,0,1,0
Green Python,4.3,0,0,1,1,1,0,1,0,0,0,1,0
Green Queen,4.2,1,1,0,1,0,0,1,0,1,0,0,0
Green Ribbon,4.2,1,1,0,0,0,0,1,0,0,1,0,1
Gremlin,4.4,0,0,0,1,1,1,0,1,0,0,1,0
Grilled Cheese,4.7,1,1,0,1,0,0,0,1,0,0,0,1
Grimace,4.4,0,0,0,1,1,0,1,0,1,0,1,0
Grimace Og,4.3,0,0,0,1,1,1,1,0,0,0,1,0
Grimmdica,5,0,0,0,1,1,0,0,0,0,0,0,0
Guard Dawg,4.2,0,0,0,1,1,0,1,0,0,0,1,0
Guava Chem,4.5,1,0,0,1,1,0,1,0,0,0,0,1
Guava Gelato,4.3,0,0,0,1,1,0,1,1,0,0,1,0
Guava Kush,4.1,0,0,0,1,1,0,1,1,0,0,1,0
Gucci Og,4.7,0,1,0,1,1,0,1,1,0,0,0,0
Guido Kush,4.1,1,0,0,1,1,0,0,1,0,0,1,0
Gumbo,4.6,0,0,0,1,1,0,1,0,1,0,1,0
Gummo,5,0,0,0,1,1,1,1,1,0,0,0,0
Gummy Bears,4.2,0,0,0,1,1,0,1,1,0,0,1,0
Gupta Haze,5,0,0,0,1,1,0,1,0,0,0,1,0
Gupta Kush,4.3,0,0,0,0,1,1,1,0,1,0,1,0
Guptilla,5,0,0,0,1,1,0,1,0,0,0,1,1
Gutbuster,4.5,0,0,1,0,1,0,1,0,0,0,1,0
Hades Haze,4.7,0,0,0,1,1,0,0,0,0,1,1,0
Haleighs Hope,4.8,0,0,0,1,1,0,1,1,0,1,0,0
Hammerhead,5,0,0,1,0,1,1,0,1,0,0,1,0
Hannibal Nectar,0,1,0,0,1,0,0,1,1,0,0,1,0
Haole,4.1,1,0,0,1,1,0,1,1,0,0,0,0
Haoma,4.8,0,0,0,0,1,0,1,1,1,0,1,0
Haoma Mist,5,0,0,1,1,1,0,1,1,0,0,0,0
Hardcore Og,4.6,0,0,1,0,1,0,1,1,0,0,1,0
Harle Tsu,4.4,0,0,0,1,1,0,1,1,0,0,0,1
Harlequin,4.3,0,1,0,0,1,0,1,1,0,0,0,1
Harlequin Gdp,4.2,0,1,1,1,1,0,0,0,0,1,0,0
Harley Storm,4.8,1,0,0,1,1,0,1,1,0,0,0,0
Harley Twin,5,1,1,0,1,1,0,0,1,0,0,0,0
Harmonia,4.3,0,0,0,0,1,0,1,1,0,0,1,1
Harmony,4.4,1,0,0,1,1,0,1,0,0,0,0,1
Harry Potter,4.8,1,0,0,0,1,0,1,1,0,0,0,0
Hash Plant,4.2,0,0,0,1,1,0,1,0,1,0,1,0
Hashbar Og,4.5,1,0,0,1,1,0,1,0,0,0,0,1
Hashberry,4.3,0,0,0,1,1,0,1,0,1,0,0,1
Hashplant Haze,4.4,0,0,0,1,1,0,1,1,0,0,1,0
Hawaiian,4.2,0,0,0,1,1,0,0,1,0,1,0,0
Hawaiian Cookies,4.6,1,1,0,0,1,1,1,0,0,0,0,0
Hawaiian Delight,3.8,0,0,0,1,1,1,1,1,0,0,0,0
Hawaiian Diesel,4.2,1,0,0,1,1,0,1,1,0,0,0,0
Hawaiian Dream,4.4,0,0,0,1,1,0,1,1,0,0,0,1
Hawaiian Fire,4.4,0,1,0,1,0,0,0,1,0,1,0,1
Hawaiian Haze,4.4,0,1,0,0,1,0,1,1,0,1,0,0
Hawaiian Mayan Gold,5,1,1,0,1,0,0,1,1,0,0,0,0
Hawaiian Punch,4.4,0,0,1,1,1,0,1,1,0,0,0,0
Hawaiian Purple Kush,4.5,1,0,0,0,1,0,1,0,0,1,0,0
Hawaiian Sativa,4.2,1,0,0,1,1,0,1,1,0,0,0,0
Hawaiian Skunk,4.2,0,1,0,1,0,0,1,1,0,0,1,0
Hawaiian Snow,4.5,1,1,0,1,0,0,1,1,0,0,0,0
Hawaiian Sunrise,4.1,0,1,1,0,1,0,1,1,0,0,0,0
Hawaiian Thunder Fuck,4,1,1,0,1,0,0,0,1,1,0,0,0
Hawaiian Trinity,5,1,0,0,1,0,0,0,1,0,1,0,1
Hawaii 78,4.8,1,0,0,1,1,0,1,0,0,0,1,0
Hayleys Haze,0,0,0,0,0,0,0,0,1,0,0,1,1
Haze,4.2,1,0,1,0,1,0,1,1,0,0,0,0
Haze Berry,4.2,0,1,0,0,0,1,1,0,0,1,0,0
Haze Heaven,4.5,1,1,0,0,0,0,1,1,0,1,0,0
Haze Mist,4,0,1,0,0,0,0,1,0,1,0,0,1
Haze Wreck,4.6,1,0,0,1,0,0,1,1,0,1,0,0
Head Cheese,4.6,1,0,0,1,1,0,1,1,0,0,0,0
Head Trip,4.3,0,0,0,1,1,0,1,1,0,0,0,1
Headband,4.3,1,0,0,1,1,0,1,1,0,0,0,0
Headbanger,4.4,0,0,0,1,1,0,1,1,1,0,0,0
Heaven Scent,4.8,1,1,0,1,0,0,1,0,0,0,0,1
Heavy Duty Fruity,4.1,0,0,0,0,1,0,1,0,1,0,1,0
Heisenberg Kush,4.4,0,0,0,0,1,0,1,0,1,1,0,1
Hell Raiser Og,4.8,0,0,0,1,1,0,1,1,0,1,0,0
Hells Angel Og,4.5,0,0,0,1,1,0,1,0,1,0,1,0
Hellfire Og,4.5,0,1,0,1,1,0,1,0,0,0,1,0
Hemlock,4.5,0,0,0,0,1,0,1,1,0,1,0,0
Hempstar,4.3,1,1,0,1,0,0,1,1,0,0,0,0
Hercules,4.8,1,1,0,0,0,0,1,1,0,0,0,0
Herojuana,4.4,0,0,0,1,1,0,1,0,1,0,1,0
Hibiscus Sunrise,4.5,0,1,0,1,1,0,1,1,0,0,0,0
Higher Power,4.8,1,1,0,0,0,0,1,1,0,0,0,1
Highwayman,3.8,0,0,0,1,1,0,1,0,0,0,1,1
Himalayan Blackberry,4.9,0,0,0,1,1,0,1,1,0,0,1,0
Himalayan Gold,4.2,1,0,0,1,0,1,1,0,0,0,1,0
Hindu Kush,4.3,0,0,0,1,1,0,1,1,0,0,1,0
Hindu Skunk,4.2,0,0,0,1,1,1,1,1,0,0,0,0
Hippie Chicken,4.3,0,0,0,1,1,0,1,1,0,1,0,0
Hippie Crippler,4.3,0,1,0,1,1,0,1,1,0,0,0,0
Hoarfrost,4.8,1,0,0,1,0,0,1,0,1,0,0,1
Hobbit,4.3,0,0,1,0,0,0,1,1,1,0,0,1
Hogs Breath,4.2,0,0,1,0,1,0,1,0,1,0,1,0
Hollands Hope,4.2,0,0,0,1,1,0,1,1,0,0,1,0
Hollywood Og,4.4,0,0,1,0,1,0,1,1,1,0,0,0
Holy Ghost,4.6,0,0,0,1,1,0,1,0,1,0,0,0
Holy Grail Kush,4.5,1,0,0,1,1,0,1,1,0,0,0,0
Honduras,3,0,0,0,0,0,0,0,0,0,0,0,0
Honey Bananas,4.7,1,0,0,1,1,0,1,1,0,0,0,0
Honey Boo Boo,4.7,1,0,0,1,0,1,1,0,0,0,0,0
Honey Rock,4,0,0,1,1,1,0,0,0,1,0,1,0
Hong Kong,4.5,0,1,0,0,1,0,1,1,1,0,0,0
Hoodwreck,4.2,1,1,0,1,0,0,1,0,0,0,0,1
Huckleberry,4.2,0,0,0,1,1,0,1,1,0,1,0,0
Huckleberry Hound,5,1,0,0,1,1,0,1,0,0,0,0,0
Hulkamania,4.5,0,0,1,1,0,1,1,1,0,0,0,0
Humboldt,4.3,0,0,0,1,1,0,1,1,0,0,1,0
Humboldt Dream,4.8,1,0,0,1,1,0,1,1,0,0,0,0
Humboldt Headband,4.8,0,0,0,1,1,0,1,0,0,0,1,1
Hurkle,4.7,0,0,0,0,1,0,1,0,1,0,1,1
Hurricane,4.3,0,1,0,0,1,0,1,1,0,0,0,1
Hustler Kush,4.7,0,1,0,1,0,0,1,1,0,1,0,0
I 95,4,1,1,0,1,0,0,1,0,0,0,0,1
Iced Grapefruit,4.3,1,0,0,1,1,0,1,0,0,0,0,1
Ifc Og,0,0,0,0,0,0,0,0,0,0,0,0,0
Ig Kush,4.5,0,0,1,0,1,0,1,0,1,0,1,0
Ice,4.1,0,0,1,1,1,0,1,1,0,0,0,0
Ice Cream,4.1,0,0,0,1,1,0,1,1,0,0,0,1
Ice Princess,5,0,0,0,1,1,0,1,1,0,0,1,0
Ice Queen,4.6,1,0,0,1,1,0,1,0,0,1,0,0
Ice Wreck,4.3,1,0,1,1,1,0,0,1,0,0,0,0
Iced Widow,4.4,0,0,0,1,1,0,1,1,0,0,0,0
Ill Og,3.7,0,0,0,1,1,0,1,1,0,0,0,0
Illuminati Og,4.7,0,0,0,1,1,0,0,0,0,1,1,1
In The Pines,4.4,0,0,0,1,1,0,1,1,0,0,0,1
Incredible Bulk,4.5,0,0,0,1,1,0,1,0,1,0,1,0
Incredible Hulk,4.5,0,0,0,1,1,0,1,1,0,0,0,1
Industrial Plant,4.1,0,1,0,1,1,0,1,1,0,0,0,0
Ingrid,4.3,1,0,0,1,1,0,1,0,0,0,1,0
Intergalactic,0,1,0,0,0,1,0,1,0,0,0,0,0
Irene Kush,4.6,1,0,0,1,1,0,1,0,0,0,0,1
Irish Cream,4,0,0,0,1,1,0,0,1,0,0,1,0
Iron Triangle,4.2,0,0,1,0,0,0,1,1,0,0,0,1
Island Haze,4.8,1,0,0,0,1,0,0,1,0,1,1,0
Island Maui Haze,4.5,1,0,1,1,1,0,1,0,0,0,0,0
Island Sweet Skunk,4.3,0,1,0,0,1,0,1,1,0,0,0,1
Js Famous Kush,4,0,0,0,0,1,0,0,0,1,0,0,1
J 27,4.2,1,1,0,1,0,0,0,1,0,0,0,1
J1,4.5,1,1,0,1,0,0,1,1,0,0,0,0
Jt15,5,0,0,0,0,1,0,1,1,1,0,1,0
Jack 47,4.7,0,1,0,1,1,0,1,0,0,0,0,0
Jack Burton,4.5,1,0,0,1,0,1,0,1,0,0,1,0
Jack Diesel,4.2,1,1,0,1,0,0,1,0,0,0,0,0
Jack Flash,4.2,0,1,0,1,1,0,1,1,0,0,0,0
Jack Frost,4.4,0,1,0,1,1,0,1,1,0,0,0,0
Jack Haze,4.1,0,1,0,1,0,0,1,1,0,0,0,0
Jack Herer,4.4,0,1,0,1,0,0,1,1,0,0,0,1
Jack Kush,4.1,0,1,0,1,1,0,1,0,0,0,0,0
Jack Skellington,4.7,1,0,0,1,1,0,1,0,0,0,0,1
Jack Smack,5,1,1,0,0,0,1,1,0,0,0,0,1
Jack Widow,4.2,1,0,0,1,0,0,1,1,1,0,0,0
Jack Wreck,4.5,1,1,0,1,0,0,1,1,0,0,0,0
Jack The Ripper,4.2,1,1,0,1,0,0,1,1,0,0,0,0
Jacks Cleaner,4.2,0,1,0,1,0,0,1,1,0,0,0,1
Jacks Dream,4.3,1,1,0,0,0,0,1,1,0,0,0,1
Jackalope,4.2,0,0,0,0,1,1,1,0,0,1,1,0
Jacked Up,4.1,1,1,0,0,0,1,0,1,1,0,0,0
Jacky Girl,0,0,0,0,0,0,0,0,0,0,0,0,0
Jacky White,4.4,1,1,0,1,0,0,1,0,0,0,0,1
Jah Kush,4.6,0,0,0,1,0,1,1,1,0,0,0,0
Jahwaiian,4.7,1,1,0,1,0,1,1,0,0,0,0,0
Jamaican,4.3,1,1,0,0,0,0,1,1,0,1,0,0
Jamaican Dream,4.5,0,1,0,1,1,0,1,1,0,0,0,0
Jamaican Lion,4.7,0,1,0,0,1,0,1,1,0,1,0,0
Jamaican Pearl,4.2,1,1,0,1,0,0,1,1,0,0,0,0
Jamba Juice,5,0,1,1,0,0,0,1,0,0,1,0,0
Jane Doe,4.3,0,0,1,1,1,0,1,0,0,0,1,0
Jasmin,4.6,0,0,0,1,1,0,1,0,1,0,1,0
Jawa Pie,4.5,0,0,0,1,1,0,1,1,0,0,1,0
Jazz,4.3,0,1,0,1,1,0,1,1,0,0,0,0
Jean Guy,4.4,1,1,0,1,0,0,1,1,0,0,0,0
Jedi Kush,4.5,0,0,0,1,1,0,1,1,0,0,1,0
Jelly Roll,4.8,0,0,1,0,1,0,1,0,0,0,0,0
Jenni,4.8,1,0,0,1,1,0,1,1,0,0,0,0
Jenny Kush,4.6,0,1,0,1,0,0,1,0,1,1,0,0
Jericho Haze,5,1,1,1,0,0,0,0,1,0,0,0,1
Jesses Girl,4.8,0,0,0,1,1,1,1,1,0,0,0,0
Jesus,4.5,0,0,1,1,1,0,1,0,0,0,0,0
Jesus Og,4.6,0,1,0,1,1,0,1,1,0,0,0,0
Jet Fuel,4.6,0,0,0,1,1,0,1,1,0,0,0,1
Jilly Dawg,5,0,0,0,1,0,0,1,1,0,0,0,0
Jillybean,4.3,1,0,0,1,1,0,1,1,0,0,0,0
Jimi Hendrix,4.7,1,0,0,1,0,0,1,1,1,0,0,0
Jock Horror,4.1,1,1,0,1,0,0,1,0,1,0,0,0
Johnnys Tonic,4.9,0,0,0,0,1,0,1,0,0,1,0,1
Joliet Jake,4.8,0,0,0,1,1,0,0,0,0,0,1,0
Jolly Rancher,4.3,1,0,1,1,0,0,1,0,0,0,0,0
Josh D Og,3.7,1,0,1,1,0,1,0,1,0,0,0,0
Jr,4.5,0,0,0,1,1,0,1,0,1,0,1,0
Juicy Fruit,4.1,0,1,0,1,1,0,1,1,0,0,0,0
Juicy Jack,4.3,1,0,0,1,0,0,1,1,0,1,0,0
Juliet,4.5,0,1,0,1,1,0,1,1,0,0,0,0
Julius Caesar,4.5,0,0,0,1,1,0,1,1,0,0,0,1
Jungle Juice,4.4,1,1,0,0,1,0,1,0,0,0,1,0
Jupiter Og,4.4,0,0,0,1,1,0,1,0,1,0,1,0
K Train,4.4,1,0,0,1,1,0,1,1,0,0,0,0
K1,4.1,0,1,0,1,1,0,1,0,0,0,0,1
K2,4,0,0,0,0,1,0,1,0,1,0,1,0
Kc 33,4.4,0,0,1,1,1,0,1,0,1,0,0,0
Kc 36,4.2,0,0,0,1,1,0,0,1,1,0,1,0
Kt Dawg,4.8,0,0,0,1,1,0,1,1,0,0,0,0
Kaboom,4.5,1,1,0,1,0,0,1,1,0,0,0,0
Kahuna,4.2,1,0,0,1,1,0,0,1,0,0,0,1
Kaia Kush,4.7,0,0,1,1,1,0,1,1,0,0,0,0
Kalalau Kush,5,1,0,1,1,0,0,1,1,0,0,0,0
Kalashnikova,4.3,0,1,0,0,1,0,1,0,1,0,1,0
Kaleidos Dope,4,0,0,0,0,0,0,0,0,0,0,0,0
Kali 47,5,1,1,0,1,0,0,1,1,0,0,0,0
Kali China,4.2,1,0,0,1,1,0,0,0,0,1,1,0
Kali Dog,4.8,0,1,0,0,1,0,1,1,0,0,0,1
Kali Mist,4.1,1,1,0,1,0,0,0,1,0,0,0,1
Kandahar,4.7,0,0,0,1,1,0,0,1,0,0,1,0
Kandy Kush,4.3,0,0,0,1,1,0,1,1,1,0,0,0
Kaptns Grand Dream,4,0,0,0,1,1,0,1,1,0,0,0,0
Karma Bitch,4.4,1,0,0,0,1,0,1,1,0,0,0,1
Katsu Bubba Kush,4.4,0,0,0,1,1,0,1,1,0,0,0,0
Katsu Kush,4.1,0,0,0,1,1,0,1,1,0,0,1,0
Kauai Electric,4.8,1,1,0,0,0,0,1,1,0,0,0,1
Kelly Hill Gold,5,0,1,0,1,0,1,1,0,0,1,0,0
Kens Kush,4.2,0,0,0,1,1,0,1,1,1,0,0,0
Kerala Krush,4.6,0,1,0,0,1,0,1,0,1,0,0,1
Key Lime Pie,4.5,1,0,0,0,1,0,1,1,0,0,1,0
Khalifa Kush,4.7,1,0,0,1,1,0,1,1,0,0,0,0
Khola,4.2,0,0,0,1,0,1,0,1,1,0,0,0
Khufu,4.2,0,0,0,1,1,0,1,0,0,0,1,1
Kid N Cookies,4.6,0,0,1,0,1,0,1,0,1,0,0,0
Kilimanjaro,4.5,1,1,0,0,0,0,1,1,0,0,0,1
Kill Bill,4.4,0,0,1,1,1,0,0,0,1,0,1,0
Killer Grape,4.6,0,0,1,1,0,0,1,1,0,0,1,0
Killer Queen,4.3,1,1,0,0,0,0,1,1,0,1,0,0
Killing Fields,4.5,0,1,0,1,0,0,1,1,0,0,0,1
Kimbo Kush,4.5,0,0,0,0,1,0,1,1,0,0,1,1
King Cake,4.8,0,0,0,1,1,1,1,1,0,0,0,0
King Kong,4.2,0,0,0,0,1,0,1,1,0,0,0,1
King Louis,4.6,0,0,0,1,1,0,1,0,1,0,1,0
Kings Bread,4.2,1,0,0,1,1,0,0,1,0,0,0,1
King Kush,4.3,0,0,0,1,1,0,1,0,1,0,1,0
Kiss,4,0,0,0,0,0,0,0,0,0,0,0,0
Kiwiskunk,3.9,0,0,1,0,0,1,1,0,1,0,1,0
Kobain Kush,4.3,0,0,0,1,1,1,1,0,1,0,0,0
Kona Gold,4.4,0,1,0,1,0,0,1,1,0,0,0,0
Kong,4.7,0,0,0,1,1,0,1,0,1,0,1,0
Kool Aid Smile,4.8,1,0,0,0,1,0,1,1,0,1,0,0
Kosher Kush,4.5,0,0,0,1,1,0,1,0,1,0,1,0
Kosher Tangie,4.5,1,0,0,1,1,0,1,1,0,0,0,0
Krakatoa,4,0,1,0,1,0,0,1,1,0,0,1,0
Kraken,4.4,1,1,0,1,1,0,1,0,0,0,0,0
Krishna Kush,4.9,0,0,0,0,1,1,1,0,0,0,1,0
Kryptonite,4.3,1,0,0,1,1,0,1,0,0,0,0,0
Kuato,5,0,0,1,1,0,1,0,1,0,1,0,0
Kubbie Kush,3,0,0,0,1,1,0,1,0,0,0,1,0
Kuchi,3.6,1,1,0,1,0,1,0,0,0,0,0,1
Kurple Fantasy,4.7,0,0,1,1,1,0,1,1,0,0,0,0
Kush Cleaner,4.6,1,1,0,1,1,1,0,0,0,0,0,0
Kush Rise,3.5,1,0,0,1,1,0,0,0,0,0,0,0
Kush N Cheese,4,0,0,0,0,1,0,1,1,0,0,1,1
Kushadelic,4.5,0,0,0,1,1,0,0,1,0,0,1,1
Kushage,4.4,0,0,1,1,1,0,1,0,1,0,0,0
Kushashima,4,1,1,0,0,1,0,0,1,0,0,1,0
Kushberry,4.3,1,0,0,0,1,0,1,1,0,0,1,0
Leagle Eagle,4.7,1,1,0,0,0,0,0,1,0,1,0,1
La Sunshine,4.7,1,1,0,1,0,0,1,1,0,0,0,0
Lak Federal Reserve,5,1,0,1,0,1,0,0,1,1,0,0,0
La Chocolat,4.5,0,0,0,1,1,0,1,0,1,0,1,0
La Confidential,4.3,0,0,0,1,1,0,1,1,0,0,1,0
La Jack,3.7,1,0,1,1,1,0,0,0,0,0,1,0
La Kookies,4.7,1,0,0,0,1,0,1,0,1,1,0,0
La Kush,4.5,1,0,0,1,1,0,1,1,0,0,0,0
La Og,4.4,0,0,1,1,1,0,1,0,0,0,1,0
La Ultra,4.7,0,0,1,1,1,0,1,0,0,0,1,0
La Woman,4.2,0,0,1,1,1,0,1,0,0,0,1,0
Lapd,4.7,1,1,0,0,1,0,1,1,0,0,0,0
Lsd,4.3,1,0,0,1,1,0,1,1,0,0,0,0
Lvpk,4.6,0,0,0,0,1,0,1,1,1,0,1,0
La Nina,4.7,1,1,0,1,0,0,0,1,0,1,0,0
Lady Liberty,4.2,0,0,0,0,1,0,0,0,1,0,1,0
Ladyburn 1974,4,1,0,0,0,1,0,0,0,1,0,1,0
Lake Of Fire,4.6,0,0,0,1,1,1,1,1,0,0,0,0
Lamb S Bread,4.4,1,1,0,1,0,0,1,1,0,0,0,0
Lambo Og,4.5,0,0,0,1,1,0,1,0,1,0,1,0
Lamborghini,4,0,0,0,1,1,0,1,1,0,0,1,0
Larry Bird Kush,4.9,0,1,0,1,1,0,1,1,0,0,0,0
Larry Og,4.3,0,0,0,1,1,0,1,1,0,0,1,0
Las Vegas Purple Kush Bx,5,1,0,0,0,1,1,1,0,0,0,1,0
Lashkar Gah,4.7,0,0,0,1,1,0,1,0,1,0,1,0
Laughing Buddha,4.4,0,1,0,1,0,0,1,1,0,0,0,0
Laughing Gas,0,0,1,1,0,0,0,1,0,0,1,0,0
Lavender,4.1,0,0,0,1,1,0,1,1,0,0,1,0
Lavender Haze,4.1,0,1,0,1,1,0,1,1,0,0,0,0
Lavender Jones,4.4,1,0,0,1,1,0,1,1,0,0,0,0
Lazy Train,0,0,0,0,0,0,0,0,0,0,0,0,0
Le Silver Royale,4.5,0,1,0,1,0,0,1,1,0,1,0,0
Leda Uno,5,0,0,1,0,0,0,0,0,1,0,0,1
Lee Roy,4.7,0,0,1,1,1,0,0,1,0,0,1,0
Legalized Og,4.8,0,0,0,0,1,0,1,0,1,0,1,1
Legend Og,4.6,1,0,0,0,1,0,1,0,0,0,1,1
Legend Of Nigeria,0,0,0,0,0,0,0,0,0,0,0,0,0
Legendary Lemon,4,1,0,0,1,1,1,0,0,0,0,1,0
Lem Chem,4,0,1,0,0,0,0,0,0,1,0,0,1
Lemon Alien Dawg,4.5,1,0,0,0,1,1,0,0,0,0,1,1
Lemon Bananas,5,1,1,1,0,0,0,0,1,0,1,0,0
Lemon Bubble,4.6,0,1,0,1,0,0,1,1,0,1,0,0
Lemon Cake,4.3,0,1,0,1,1,0,1,1,0,0,0,0
Lemon Crme,0,0,0,0,0,0,0,0,0,0,0,0,0
Lemon Daddy,4.1,0,1,0,0,1,0,1,0,0,0,0,1
Lemon Diesel,4.2,1,1,0,1,1,0,1,0,0,0,0,0
Lemon Drop,4.1,0,0,0,1,1,0,1,1,0,0,0,1
Lemon Fire,4.7,0,1,0,1,0,0,1,1,0,0,0,1
Lemon G,4.4,1,0,0,1,1,0,1,1,0,0,0,0
Lemon Haze,4.3,0,1,0,1,1,0,1,1,0,0,0,0
Lemon Ice,4.6,1,1,0,1,0,0,1,0,0,0,0,1
Lemon Jack,4.4,1,1,0,0,0,0,1,1,0,0,0,1
Lemon Jeffery,4.5,0,0,0,0,0,0,0,0,0,0,0,0
Lemon Kush,4.1,0,1,0,1,1,0,1,1,0,0,0,0
Lemon Larry Lavender,4.1,1,0,0,0,1,0,0,1,0,0,0,1
Lemon Marmalade,4.8,0,0,1,1,1,0,1,1,0,0,0,0
Lemon Meringue,4.7,1,1,0,0,1,0,1,1,0,0,0,0
Lemon Og Haze,4.5,1,1,0,1,0,0,1,0,0,0,0,1
Lemon Og,4.3,0,0,0,1,1,0,1,1,0,0,1,0
Lemon Pie,4.2,0,1,0,1,0,0,1,1,0,1,0,0
Lemon Sativa,4.2,1,1,0,1,0,0,1,0,0,0,0,1
Lemon Skunk,4.3,0,0,0,1,1,0,1,1,0,0,0,1
Lemon Thai,4.1,1,1,0,0,0,0,1,0,0,1,0,1
Lemon Walker Og,4.4,0,1,0,0,1,0,1,1,0,0,0,1
Lemon Wreck,4.1,1,0,1,1,1,0,0,0,0,0,0,1
Lemonberry,4.3,1,1,0,1,0,0,1,0,0,0,0,0
Lemonder,4.5,0,1,0,1,0,0,1,1,0,0,0,0
Lemonhead Og,4.9,1,0,0,1,1,0,1,1,0,0,0,0
Lennon,0,0,0,0,0,0,0,0,0,0,0,0,0
Leonidas,4,1,1,0,0,0,1,0,1,0,0,0,1
Lethal Purple,3.3,1,0,0,1,0,0,1,0,1,1,0,0
Liberty Haze,4.5,0,1,0,1,1,0,1,1,0,0,0,0
Lifesaver,4.5,0,1,1,1,1,0,0,1,0,0,0,0
Light Of Jah,4.6,0,1,0,1,1,0,1,1,0,0,0,0
Lime Green Skunk,4.5,0,0,0,1,1,0,1,1,0,0,0,1
Key Lime Haze,4.2,0,1,0,1,1,0,1,1,0,0,0,0
Lime Purple Mist,4.3,0,0,1,0,1,0,1,1,0,0,1,0
Lime Skunk,4.8,1,1,0,1,0,0,1,1,0,0,0,0
Lime Sorbet,5,0,0,0,1,1,0,1,0,0,0,1,0
Limon,4.8,1,1,0,1,0,0,1,0,0,0,0,0
Lions Gate,4.4,1,1,0,0,0,0,1,1,0,0,0,1
Liquid Butter,4.5,0,0,0,0,1,0,1,0,0,1,1,0
Little Devil,4.2,0,1,0,0,1,1,1,1,0,0,0,0
Little Dragon,5,0,0,0,1,1,0,1,1,0,1,0,0
Locktite,4.3,0,0,1,1,1,0,1,1,0,0,0,0
Locomotion,4.6,0,0,0,1,1,1,1,1,0,0,0,0
Lodi Dodi,4.5,0,1,0,1,0,0,1,1,0,0,0,0
Logic Diesel,4.8,0,1,0,1,0,0,1,1,0,1,0,0
Longbottom Leaf,4.8,0,1,0,1,0,0,1,1,1,0,0,0
Lost Coast Og,4.5,1,0,0,1,1,0,1,1,0,0,0,0
Lost Sierra Night Nurse,0,0,0,0,0,0,0,0,0,0,0,0,0
Loud Dream,4.1,1,0,0,1,0,0,1,1,0,0,0,1
Loud Scout,4.4,0,1,0,0,1,0,1,1,0,0,0,1
Love Potion,4.4,0,1,0,1,1,0,1,0,0,1,0,0
Love Potion 9,4.2,0,1,0,1,0,0,1,0,0,1,0,1
Lowryder,4.4,1,0,0,0,1,0,1,1,0,0,1,0
Loyality,5,1,0,1,0,1,0,0,1,0,0,0,1
Luca Brasi,5,0,0,0,0,0,0,0,0,0,0,0,0
Luca Brasi X Sour Diesel,4.4,0,1,0,0,1,0,1,1,0,0,0,1
Lucid Bolt,5,0,0,0,0,1,0,0,0,1,1,1,0
Lucid Dream,4.6,0,1,0,1,1,0,0,1,0,0,0,1
Lucky Charms,4.5,0,0,1,1,1,0,1,1,0,0,0,0
Lucy,4.4,0,0,0,0,1,0,1,1,1,0,1,0
M 39,3.2,0,0,0,1,1,0,1,0,1,0,1,0
Mc1,0,1,0,1,0,0,1,0,1,1,0,0,0
Milf,4.4,0,0,0,1,1,0,1,1,0,0,0,0
Mk Ultra,4.5,0,0,0,1,1,0,1,0,1,0,1,0
Mad Dawg,4.5,0,1,0,0,0,0,1,1,1,1,0,0
Mad Scientist,4.6,0,0,0,1,1,0,1,1,0,0,0,1
Madagascar,4.1,0,0,0,1,1,0,1,0,1,0,1,0
Madcow,3.4,0,1,0,0,1,0,0,1,0,1,1,0
Madman Og,4.6,0,0,0,1,1,0,0,1,1,0,1,0
Madzilla,5,0,0,1,1,1,0,1,1,0,0,0,0
Mag Landrace,4.6,0,0,0,1,1,0,1,1,0,0,1,0
Magic Beans Og,4.2,0,0,1,1,1,0,1,0,0,0,1,0
Magic Jordan,4,1,0,1,1,0,0,0,1,0,0,0,1
Magnum,3.9,1,1,0,1,0,0,1,1,0,0,0,0
Magnum Pi,4.3,1,1,0,1,0,0,0,1,0,0,0,1
Mai Tai Cookies,4.9,1,0,0,1,1,0,1,1,0,0,0,0
Majestic 12,4.8,1,0,1,1,1,0,1,0,0,0,0,0
Mako Haze,4.2,0,0,0,1,1,0,1,1,1,0,0,0
Malakoff,3.7,1,1,0,0,0,0,1,0,0,1,0,1
Malawi,4.4,1,1,0,0,0,0,1,1,0,0,0,1
Mammoth,4.5,1,0,0,0,1,0,1,1,0,0,0,1
Mandala 1,4.3,1,1,0,1,0,0,0,1,0,0,0,1
Mango,4.1,0,0,0,1,1,0,1,0,0,0,1,1
Mango Dream,3.9,1,0,0,1,1,0,1,0,0,1,0,0
Mango Habanero,3.5,1,1,0,1,0,0,0,1,0,0,0,1
Mango Haze,4.6,0,0,0,1,1,0,1,1,0,0,0,1
Mango Kush,4.3,0,0,0,1,1,0,1,1,0,0,0,0
Mango Tango,4.6,0,0,0,1,1,0,1,0,0,0,1,0
Mangolicious,5,0,0,0,0,1,0,1,1,0,0,0,1
Manitoba Poison,4.5,0,0,0,0,1,0,1,1,0,0,1,1
Maple Leaf Indica,4.3,0,0,1,1,1,0,1,0,0,0,1,0
Maramota 10,5,0,1,0,0,1,0,0,0,0,1,0,0
Marcosus Marshmellow,3.9,1,1,0,1,0,0,1,1,0,0,0,0
Margaret Cho G,4.7,0,0,0,1,1,0,0,1,0,1,0,1
Marionberry Kush,4.5,1,0,0,1,1,0,1,1,0,0,0,0
Marleys Collie,4.3,0,0,1,0,1,1,0,0,1,0,0,1
Mars Og,4.4,0,0,0,1,1,0,0,0,1,0,1,1
Martian Candy,4.7,0,0,0,1,1,0,1,1,0,1,0,0
Martian Mean Green,4.2,0,0,0,1,0,0,1,1,1,0,0,1
Martian Muffins,0,0,0,0,0,0,0,0,0,0,0,0,0
Master Bubba,4.3,0,0,0,1,1,0,1,1,0,0,1,0
Master Jedi,4.4,1,0,0,1,1,0,0,1,0,0,0,1
Master Kush,4.3,0,0,0,1,1,0,1,1,0,0,1,0
Master Og,4.4,0,0,0,0,1,0,1,1,1,0,1,0
Master Skunk,4.6,1,0,0,1,1,0,1,1,0,0,0,0
Master Yoda,4.5,0,0,0,1,1,0,1,1,0,0,0,1
Matanuska Thunder Fuck,4.3,0,1,0,1,1,0,1,0,1,0,0,0
Mataro Blue,4.6,0,0,1,1,1,0,0,0,1,0,1,0
Matsu,5,0,0,1,1,0,0,1,0,1,0,1,0
Mau Mau,4,1,1,0,1,0,0,1,1,0,0,0,0
Maui,4.2,0,0,1,0,1,0,1,1,0,1,0,0
Maui Berry,4,1,1,0,0,0,0,1,1,1,0,0,0
Maui Bubble Gift,4.6,0,0,1,1,1,0,1,1,0,0,0,0
Maui Citrus Punch,4.5,1,1,0,1,1,0,0,1,0,0,0,0
Maui Haole,4.6,1,0,0,1,0,1,1,0,0,0,1,0
Maui Mango Diesel,4.3,1,0,0,1,1,0,1,1,0,0,0,0
Maui Pineapple Chunk,4.7,1,1,0,1,0,1,0,1,0,0,0,0
Maui Wowie,4.4,1,1,0,0,1,0,1,1,0,0,0,0
Mazar I Sharif,4.4,0,0,0,1,1,0,1,0,1,0,1,0
Mazar Kush,4.3,0,0,0,0,1,0,1,0,1,0,1,0
Mean Misty,4.2,0,1,1,0,1,0,0,1,0,1,0,0
Medihaze,4.6,0,1,0,0,1,0,1,1,0,0,0,1
Medibud,4.5,0,0,0,1,1,0,1,1,0,0,0,1
Medicine Man,4.4,0,0,0,1,1,0,1,1,0,0,1,0
Medicine Woman,4.6,1,0,0,1,1,0,1,1,0,0,0,0
Medusa,4.1,1,0,0,1,1,0,1,1,0,0,0,0
Mega Jackpot,4,0,0,0,1,1,0,1,1,1,0,0,0
Megalodon,4.4,1,0,0,1,0,0,1,1,1,0,0,0
Mekamika Haze,5,1,1,0,1,0,0,0,1,0,0,0,1
Melon Gum,4.3,1,0,0,1,1,0,1,0,0,0,0,1
Memory Loss,4.6,1,0,0,1,0,0,1,1,0,1,0,0
Mendo Afgoo,5,0,0,0,1,1,0,0,1,1,0,1,0
Mendo Breath,4.8,0,0,0,1,1,0,1,1,0,0,1,0
Mendocino Madness,4,0,0,0,0,0,0,0,0,0,0,0,0
Mendocino Purps,4.3,0,0,1,1,1,0,1,0,1,0,0,0
Mercury Og,4.4,0,0,0,1,1,0,1,0,1,0,1,0
Merlot Og,4.9,0,0,1,1,1,0,1,1,0,0,0,0
Mexican,3.4,0,1,0,1,0,0,0,1,0,1,0,0
Mexican Sativa,3.3,0,1,0,0,0,0,1,1,1,0,0,1
Michael Phelps Og,4.4,1,0,0,0,1,0,0,0,1,1,1,0
Mickey Kush,4.6,0,0,0,1,1,0,1,1,0,0,0,1
Middlefork,4.6,1,0,0,1,0,0,1,1,0,0,0,1
Middlefork X Pineapple Express,4.9,0,0,0,1,1,0,1,1,0,0,0,0
Midnight,4.4,1,0,0,1,1,0,1,1,0,0,0,0
Milky Way,4.7,0,1,0,1,1,0,1,0,0,0,0,1
Millennium,4.4,1,1,0,0,1,0,1,1,0,0,0,0
Mint Chocolate Chip,4.6,0,0,1,0,1,0,1,1,0,1,0,0
Mission Kush,4,1,1,0,1,0,0,1,1,0,0,0,0
Misty Kush,4.4,0,0,0,1,1,0,1,1,0,1,0,0
Misty Morning,4,0,0,0,1,1,0,0,0,0,0,1,0
Mob Boss,4.5,0,1,0,1,1,0,1,1,0,0,0,0
Moby Dick,4.3,0,1,0,1,1,0,1,1,0,0,0,0
Mochi,5,0,0,1,0,1,0,1,0,1,0,1,0
Molokai Frost,4.8,1,0,0,1,1,0,1,1,0,0,0,0
Molokai Purpz,5,1,0,0,1,1,1,0,0,0,0,1,0
Money Maker,4.6,0,0,0,1,1,0,1,1,0,0,1,0
Monkey Paw,4.5,0,0,0,1,1,0,1,1,1,0,0,0
Monolith,5,0,0,1,1,1,0,0,0,0,0,1,1
Monster Cookies,4.6,0,0,0,1,1,0,1,0,1,0,1,0
Monster Og,4.9,0,0,1,0,1,0,1,0,1,0,1,0
Montana Silvertip,4.6,0,0,0,1,1,0,1,1,0,0,0,0
Moon Cookies,4.8,0,0,0,1,1,0,1,0,1,0,0,1
Moondance,5,1,0,0,1,1,0,1,0,0,0,0,0
Moonshine Haze,4.3,1,0,0,1,1,0,1,1,0,0,0,0
Moonwalker Kush,4.9,0,0,0,1,1,0,1,0,0,0,0,1
Moose And Lobsta,4.9,0,1,0,1,0,0,1,1,0,1,0,0
Morning Glory,4.9,1,1,0,0,0,1,1,1,0,0,0,0
Morning Star,4.3,1,1,0,1,0,0,1,1,0,0,0,0
Mossad,3.8,0,0,0,1,1,0,0,0,0,0,0,1
Mossimo Og,4.5,0,0,0,1,1,0,0,1,0,0,1,1
Motavation,3.9,1,0,0,1,1,0,0,0,0,0,1,0
Mother Tongue,4.4,1,1,0,1,0,0,1,0,0,0,0,0
Mother Of Berries,4.6,1,0,1,0,1,0,1,0,0,0,1,0
Mothers Milk,4.4,0,0,0,1,1,0,1,1,0,0,1,0
Mothers Finest,4.4,1,1,0,0,0,1,1,1,0,0,0,0
Mothers Helper,4.6,1,1,0,0,0,0,1,1,0,0,0,1
Mountain Girl,4.2,1,0,0,0,1,0,1,1,0,1,0,0
Mr Nice,4.2,0,0,0,0,1,0,1,1,1,0,1,0
Mr Tusk,4.3,0,0,1,1,1,0,1,0,0,1,0,0
Ms Universe,4,0,0,0,1,0,0,1,1,0,1,0,0
Mt Cook,5,0,0,0,1,1,1,1,0,0,0,0,1
Mt Hood Magic,4.7,1,0,0,1,0,0,1,1,0,0,0,1
Mt Rainier,4.8,0,0,1,0,1,1,1,1,0,0,0,0
Mud Bite,5,0,0,0,1,1,0,0,1,0,0,1,0
Murkle,2,0,0,0,0,0,0,0,0,0,0,0,0
Nl5 Haze Mist,4.3,1,0,0,1,1,0,1,1,0,0,0,0
Ny Cheese,4.3,1,1,0,0,0,0,1,1,1,0,0,0
Ny 47,4.2,0,1,0,1,1,0,0,1,1,0,0,0
Nyc Diesel,4.2,0,1,0,1,1,0,1,1,0,0,0,0
Nypd,4.2,0,0,0,0,1,0,1,1,0,0,0,1
Narnia,4.8,1,1,0,1,0,0,1,1,0,0,0,0
Nebula,4.4,1,1,0,1,0,0,1,1,0,0,0,0
Nebula Ii Cbd,4.4,1,0,0,1,0,0,0,1,0,1,0,1
Negra 44,5,1,1,0,0,1,0,0,0,1,1,0,0
Nepalese,4.4,1,0,0,1,0,0,1,1,1,0,0,0
Nepalese Jam,4,0,0,0,0,0,0,0,0,0,0,0,0
Neptune Kush,4.3,0,0,0,0,1,0,1,1,1,0,1,0
Neptune Og,4.4,0,0,0,0,1,0,1,0,1,0,1,1
Nevils Wreck,4.4,1,0,0,1,0,1,1,1,0,0,0,0
Nevilles Haze,4.2,0,0,0,1,1,0,0,1,0,1,0,0
Nexus Og,4.8,0,0,0,1,1,1,1,0,0,0,1,0
Nice Cherry,4.6,0,0,0,0,1,0,1,1,1,1,0,0
Nicole Kush,4.9,0,0,1,1,1,0,1,1,0,0,0,0
Night Nurse,4.6,0,0,0,1,1,0,1,0,1,0,1,0
Night Terror Og,4.6,0,0,1,1,1,0,1,0,0,0,1,0
Night Train,3.9,0,0,1,1,1,0,0,1,0,0,1,0
Nightfire Og,4.3,0,1,1,1,0,0,0,1,0,1,0,0
Nightmare Cookies,4.7,1,0,0,1,1,0,1,1,0,0,0,0
Nina Limone,5,0,1,0,1,0,0,1,1,0,1,0,0
Ninja Fruit,4.5,0,0,0,0,1,1,1,1,0,0,1,0
Nordle,4.4,1,0,0,0,1,0,1,1,0,0,0,1
North American,4.7,0,0,0,0,1,0,0,1,0,0,1,1
North American Sativa,4.8,0,0,0,1,1,0,1,1,0,0,0,1
North Indian,4,0,0,0,0,0,1,1,1,1,0,1,0
Northernberry,4.6,0,0,0,1,1,0,1,1,0,0,1,0
Northern Cross,4,1,1,0,1,0,0,0,1,0,0,0,1
Northern Lights,4.4,0,0,0,1,1,0,1,1,0,0,1,0
Northern Lights  5,4.4,0,0,0,1,1,0,1,1,0,0,0,1
Northern Lights 5 X Haze,4.4,0,1,0,0,1,0,1,1,0,1,0,0
Northern Skunk,4.5,0,0,0,1,1,0,1,1,1,0,0,0
Northern Wreck,4.8,1,0,1,1,1,0,1,0,0,0,0,0
Northwest Pineapple,5,0,0,0,1,1,0,1,1,0,0,0,0
Nova,4.9,1,0,0,1,1,0,1,1,0,0,0,0
Nuclear Cookies,4.7,0,0,0,0,0,0,0,0,0,0,0,0
Nuggetry Og,3.9,1,0,0,1,0,0,1,0,0,0,1,0
Nuken,4.5,0,0,0,1,1,0,1,1,0,0,1,0
Nurse Jackie,4.4,0,1,0,1,1,0,1,1,0,0,0,0
Oca Gold,4.8,0,0,1,1,1,0,1,0,0,0,1,0
Ocas Cloud 9,4.8,0,1,0,1,0,0,1,1,0,1,0,0
Ocd,4.5,1,1,0,1,0,1,0,1,0,0,0,0
Og 18,4.6,0,0,0,1,1,0,1,0,1,0,1,0
Og 1 Kenobi,0,0,0,0,0,0,0,0,0,0,0,0,0
Og Cheese,4.4,1,0,0,0,1,0,1,1,0,0,1,0
Og Chem,4.5,0,1,0,1,1,0,1,1,0,0,0,0
Og Diesel Kush,4.4,1,0,0,1,1,0,1,0,1,0,0,0
Og Eddy Lepp,4,0,0,1,0,0,0,1,0,1,1,1,0
Og Glue Sniffer,5,0,0,0,0,1,0,0,1,0,0,1,0
Og Kush,4.3,0,0,0,1,1,0,1,1,0,0,1,0
Og La Affie,4.8,1,0,0,0,1,0,1,1,0,0,0,1
Og Los Angeles Kush,4.7,0,0,0,1,1,0,0,0,1,0,1,1
Og Poison,4.3,0,0,0,1,1,0,0,0,1,0,1,1
Og Ringo,4.5,0,0,0,1,1,0,1,1,1,0,0,0
Og Shark,4.5,0,0,1,1,1,0,1,1,0,0,0,0
Og Skunk,4.8,1,0,0,1,1,0,1,1,0,0,0,0
Og Sour Diesel,3.5,0,1,0,0,1,0,1,0,0,1,0,0
Og Strawberry,4.4,1,0,0,1,1,0,1,1,0,0,0,0
Og Tonic,4.5,0,1,0,1,0,1,1,0,0,0,0,0
Og Wreck,4.3,0,0,1,1,0,0,1,1,0,0,0,1
Ogs Pearl,4.2,0,0,0,1,1,0,1,0,1,0,1,0
Ogiesel,4.2,1,1,0,1,1,0,1,0,0,0,0,0
Obama Kush,4.4,1,0,0,1,1,0,1,1,0,0,0,0
Odyssey,4.3,0,0,1,0,1,0,1,1,0,0,0,1
Ogre,4.1,0,0,0,1,1,1,1,1,0,0,0,0
Ogre Berry,4.3,0,0,0,0,1,0,1,0,0,0,1,1
Old Lyme Connecticut Og,4.5,0,1,0,1,0,0,1,1,0,1,0,0
Old Mother Sativa,4,0,0,0,0,0,0,0,0,0,0,0,0
Old School Og,3.8,0,0,1,1,1,0,1,0,0,0,1,0
Old Toby,4.2,1,1,0,1,1,0,1,0,0,0,0,0
Oldtimers Haze,5,0,1,1,0,0,0,0,1,0,0,0,0
Omega,4.8,0,0,1,1,1,0,1,1,0,0,0,0
Omega Dawg,4.4,0,0,1,1,1,0,1,1,0,0,0,0
One To One,4.7,1,1,0,0,1,0,0,0,1,0,0,1
Opal Og Kush,4.5,0,0,1,1,1,1,0,0,0,0,1,0
Opium,4.8,0,0,0,1,1,0,1,1,0,0,0,0
Or,4.4,0,0,0,1,1,0,1,0,1,0,1,0
Orange Afghani,4.5,1,0,0,0,1,0,0,1,1,0,1,0
Orange Blossom,4.6,1,0,0,1,0,0,1,1,0,1,0,0
Orange Bud,4.3,0,1,0,1,1,0,1,1,0,0,0,0
Orange Cookies,4.6,1,0,0,1,1,0,1,1,0,0,0,0
Orange Creamsicle,4.8,0,0,0,1,1,0,1,1,0,0,0,1
Orange Crush,4.2,1,1,0,0,1,0,1,1,0,0,0,0
Orange Diesel,4.4,0,1,0,1,1,0,0,0,0,1,0,1
Orange Dream,4.1,1,0,0,1,1,0,1,1,0,0,0,0
Orange Durban,4.8,1,1,0,0,0,0,0,1,0,1,0,1
Orange Haze,4.4,0,1,0,1,1,0,1,1,0,0,0,0
Orange Hill Special,4.9,0,0,0,1,1,0,1,0,0,0,1,1
Orange Juice,4.4,1,0,0,1,1,0,1,1,0,0,0,0
Orange Kush,4.1,0,0,0,1,1,0,1,0,1,0,1,0
Orange Kush Breath,0,0,0,0,0,0,0,0,0,0,0,0,0
Orange Romulan,4,0,0,1,1,1,0,1,0,0,0,0,0
Orange Skunk,4.1,0,0,1,0,1,0,1,1,1,0,0,0
Orange Turbo,4.3,1,0,0,0,1,0,1,0,1,0,1,0
Orange Velvet,4.3,0,0,0,1,1,0,1,1,0,0,0,1
Orange Wreck,3,1,1,0,1,0,0,0,1,0,0,0,1
Oregon Diesel,4.5,0,0,1,1,1,0,1,0,0,0,1,0
Oregon Pineapple,4.2,1,0,0,0,1,0,1,1,0,0,0,0
Oregon Pinot Noir,4.6,0,0,1,1,1,0,0,0,0,0,1,1
Organic Diesel,4.5,0,1,0,0,0,0,1,1,0,1,0,1
Orient Express,4.5,0,0,0,1,1,0,1,1,1,0,0,0
Ortega,4.8,0,0,0,1,1,0,0,1,0,0,1,0
Oteils Egyptian Kush,4.8,1,0,0,0,1,0,1,0,1,0,0,1
Outer Space,4.7,1,1,0,1,0,0,1,1,0,0,0,0
Outlaw,4.5,1,1,0,1,0,0,0,1,0,0,0,1
Ogezus,4.5,1,1,0,1,1,0,1,0,0,0,0,0
P 51,4.4,0,0,1,0,1,0,1,1,0,0,0,0
P 91,4.5,1,1,0,1,1,0,1,0,0,0,0,0
Pvc Og,4.5,0,1,1,0,0,0,0,1,0,1,0,1
Pacific Blue,5,1,0,1,0,1,0,0,1,0,0,1,0
Pagoda,5,0,1,0,0,1,0,1,1,0,1,0,0
Pakistan Valley Kush,5,0,0,0,1,1,0,1,1,0,0,1,0
Pakistani Chitral Kush,4.7,0,0,0,1,1,0,1,0,1,0,1,0
Pamelina,4.8,0,0,0,1,1,0,1,1,0,0,1,0
Panama Punch,4.9,0,1,1,0,0,0,1,1,0,0,0,1
Panama Red,4.3,0,1,0,0,0,0,1,1,1,0,0,1
Panda Og,4.4,0,0,0,1,1,0,1,1,0,0,0,1
Pandoras Box,4.3,0,1,0,1,0,0,1,1,0,0,0,1
Papas Og,4.7,0,0,0,0,1,0,1,0,0,0,1,1
Papaya,4.2,0,0,0,1,1,0,1,0,1,0,1,0
Paris Og,4.6,0,0,0,1,1,0,1,1,0,0,1,0
Paris Xxx,4.5,1,1,0,1,0,1,0,1,0,0,0,0
Patti Cake,0,0,0,0,0,0,0,0,0,0,0,0,0
Peaches And Cream,4.7,1,0,0,1,1,0,0,0,1,0,0,1
Pearl Scout Cookies,4.7,0,0,0,0,1,0,1,1,0,0,0,1
Peles Fire Og,5,0,1,1,0,0,1,0,1,0,0,1,0
Pennywise,4.5,0,0,0,0,1,0,1,1,0,0,1,1
Peppermint Cookies,4.7,1,0,0,1,1,0,0,1,0,0,0,1
Permafrost,4.2,0,0,0,1,1,0,1,0,0,1,0,1
Pestilence,0,0,0,0,0,0,0,0,0,0,0,0,0
Petrolia Headstash,4.6,0,0,0,1,1,1,1,1,0,0,0,0
Peyote Cookies,4.9,1,0,0,1,1,0,1,0,1,0,0,0
Peyton Manning,0,0,0,0,0,0,0,0,0,0,0,0,0
Pez,4.3,0,1,0,1,1,0,0,0,0,0,1,0
Phantom Arrow,5,0,0,1,1,1,0,1,0,0,0,0,1
Phantom Cookies,4.6,1,1,0,0,1,0,1,1,0,0,0,0
Phantom Og,4.4,0,0,0,1,1,0,1,0,0,0,1,1
Phatt Frutty,4.5,1,0,0,0,1,0,1,1,0,1,0,0
Phishhead Kush,5,0,0,1,0,0,0,1,1,0,1,0,0
Pie Face Og,4.5,0,0,1,1,1,0,1,0,0,0,0,0
Pine Cone,4.5,1,1,0,1,0,0,0,1,0,0,0,1
Pine Queen Dream,4.7,0,0,0,1,0,1,1,1,0,0,0,1
Pine Tar Kush,4.5,0,0,0,1,1,0,1,1,1,0,0,0
Pineapple,4.2,0,1,0,1,1,0,1,1,0,0,0,0
Pineapple Calyx,0,0,0,0,0,0,0,0,0,0,0,0,0
Pineapple Chunk,4.5,0,0,0,1,1,0,1,1,1,0,0,0
Pineapple Cookies,4,0,1,0,1,0,0,1,1,0,1,0,0
Pineapple Diesel,4.4,0,0,0,1,0,0,1,1,0,1,0,0
Pineapple Dog Shit,4.2,0,1,0,1,0,0,1,1,0,0,0,1
Pineapple Express,4.4,0,1,0,1,1,0,1,1,0,0,0,0
Pineapple Fields,4.3,1,0,0,1,1,0,1,1,0,0,0,0
Pineapple Haze,4.2,0,1,0,1,1,0,1,1,0,0,0,0
Pineapple Jack,4.4,0,0,1,1,0,0,1,0,0,1,0,0
Pineapple Kush,4.2,0,0,0,1,1,0,1,1,0,0,0,0
Pineapple Og,4.6,1,1,0,0,0,0,1,1,0,0,0,1
Pineapple Punch,4.5,1,0,0,1,0,1,1,1,0,0,0,0
Pineapple Purple Skunk,4.5,0,0,0,1,1,1,1,1,0,0,0,0
Pineapple Purps,4.4,1,1,0,1,1,0,0,1,0,0,0,0
Pineapple Sage,5,1,1,0,1,0,0,0,1,0,0,0,1
Pineapple Skunk,4.4,0,0,0,1,1,0,1,1,0,1,0,0
Pineapple Super Silver Haze,4.7,0,1,1,1,0,0,1,0,0,0,0,1
Pineapple Thai,4,1,0,0,0,1,0,1,0,0,0,1,1
Pineapple Trainwreck,4.1,0,0,0,1,1,0,1,1,0,0,0,0
Pineapple Upside Down Cake,5,0,0,1,1,1,0,1,1,0,0,0,0
Pink Berry,4,0,0,1,1,0,1,0,1,0,0,1,0
Pink Bubba,4.4,0,0,0,1,1,0,1,0,1,0,1,0
Pink Champagne,4.8,0,0,0,1,1,0,1,1,0,0,1,0
Pink Cookies,4.5,1,0,0,0,1,1,1,0,0,0,0,0
Pink Death Star,4.7,0,0,1,1,1,0,1,0,0,0,1,0
Pink Hawaiian,4.8,1,1,0,0,0,1,1,1,0,0,0,0
Pink Kush,4.5,0,0,0,1,1,0,1,0,1,0,1,0
Pink Lemonade,4.5,0,1,0,0,1,0,1,1,0,0,0,1
Pink Mango,4.5,1,0,0,1,1,0,1,0,0,0,0,1
Pink Panther,4.4,0,1,0,1,1,0,1,1,0,0,0,0
Pink Pez,4.1,1,0,0,0,1,0,1,0,1,0,1,0
Pink Starburst,4.1,1,0,0,1,0,0,1,1,0,1,0,0
Pink Sunset,4.6,0,0,1,1,1,0,1,0,0,0,1,0
Pinot Green,4.2,0,0,0,1,0,0,0,1,0,1,1,1
Pitbull,4.3,0,0,0,1,1,0,1,0,0,0,1,1
Pia Collision,0,0,0,0,0,0,0,0,0,0,0,0,0
Platinum Bubba Kush,4.5,0,0,0,1,1,0,1,1,0,0,1,0
Platinum Calyx,5,1,0,0,1,1,0,0,1,1,0,0,0
Platinum Gsc,4.6,0,0,0,1,1,0,1,1,1,0,0,0
Platinum Huckleberry Cookies,4.8,1,0,1,1,1,0,1,0,0,0,0,0
Platinum Kush,4.4,0,0,0,1,1,0,1,1,0,0,1,0
Platinum Og,4.4,0,0,0,1,1,0,1,0,1,0,1,0
Platinum Purple Kush,4.3,0,0,0,1,1,0,1,0,1,0,1,0
Platinum Sour Diesel,5,0,0,0,1,1,0,1,1,0,0,0,0
Platinum Wreck,4.1,1,0,0,1,1,0,1,1,0,0,0,0
Plushberry,4.3,0,0,0,1,1,0,1,1,0,0,1,0
Pluto Kush,3.9,1,0,0,1,1,0,0,0,1,0,1,0
Poison Haze,4.1,0,1,0,0,1,0,1,1,0,0,0,0
Pokie,3.5,0,0,0,1,1,0,1,0,0,0,1,1
Poochie Love,4,1,1,0,1,0,0,1,0,0,0,0,1
Pop Rox,4.3,1,0,0,1,0,1,1,1,0,0,0,0
Popcorn Kush,4.2,0,0,0,0,1,0,1,0,1,0,1,0
Pot Of Gold,4.2,1,0,0,0,1,0,1,0,0,0,1,1
Power Kush,4,1,0,0,1,1,0,0,1,0,0,1,0
Power Plant,4.2,0,1,0,1,0,0,1,1,0,1,0,0
Pre 98 Bubba Kush,4.4,0,0,0,1,1,0,1,0,1,0,1,0
Predator Pink,4.7,0,0,1,1,1,0,1,1,0,0,0,0
Presidential Og,4.5,0,0,1,0,1,0,1,0,0,0,1,0
Primus,4.7,0,0,0,1,1,0,1,1,1,0,0,0
Princesss Tiara,4.7,0,1,0,0,0,0,1,1,0,1,0,0
Professor Chaos,4.6,0,1,0,1,1,0,1,1,0,0,0,0
Project Blue Book,4.6,1,0,0,0,0,0,1,1,0,1,0,1
Proper Pho Shatter S,0,0,0,0,0,0,0,0,0,0,0,0,0
Proper Pho Shatter H,0,0,0,0,0,0,0,0,0,0,0,0,0
Proper Pho Shatter I,0,0,0,0,0,0,0,0,0,0,0,0,0
Puna Buddaz,5,1,0,0,0,0,0,1,1,0,1,1,0
Puna Budder,4.8,0,0,0,0,1,0,1,1,0,1,0,0
Punky Lion,4.5,0,0,1,1,1,0,1,0,0,0,1,0
Pure Afghan,4.7,0,0,0,1,1,0,1,1,0,0,1,0
Pure Kush,4.4,0,0,0,1,1,0,1,0,1,0,1,0
Pure Love,4.8,0,0,0,1,1,0,1,0,0,0,1,1
Pure Og,4.1,1,0,1,0,1,0,1,1,0,0,0,0
Pure Power Plant,4.4,1,1,0,0,1,0,1,1,0,0,0,0
Purple Ak 47,4.3,0,0,0,1,1,1,0,0,0,0,1,1
Purple Afghani,4.2,0,0,0,1,1,0,1,1,0,0,1,0
Purple Alien Og,4.7,0,0,0,0,1,0,1,1,0,0,1,1
Purple Animal Cookies,0,0,0,0,1,1,0,1,0,0,0,0,0
Purple Arrow,4.2,0,1,0,0,1,0,1,1,0,0,0,1
Purple Aurora,5,0,0,0,0,1,0,0,0,0,0,0,1
Purple Berry,4.4,1,0,0,1,1,0,1,0,0,0,1,0
Purple Bubba,4.4,0,0,0,1,1,0,1,1,0,0,1,0
Purple Bud,4.2,1,0,0,1,1,0,1,0,0,0,1,0
Purple Buddha,4.4,0,0,0,1,1,0,1,0,0,0,1,1
Purple Bush,4.8,1,0,0,1,1,0,0,0,0,0,1,1
Purple Candy,4.4,0,0,0,1,1,0,1,1,0,0,1,0
Purple Champagne,4.4,1,0,0,1,0,0,1,1,0,0,0,1
Purple Cheddar,4.5,0,0,0,1,1,0,1,0,1,0,1,0
Purple Cheese,4.3,0,0,0,1,1,0,1,1,0,0,1,0
Purple Chemdawg,4.5,0,0,0,1,1,0,1,1,0,0,1,0
Purple Cotton Candy,4.6,0,0,0,0,1,1,1,1,0,1,0,0
Purple Cow,4.5,0,0,0,1,1,0,0,1,0,0,0,1
Purple Crack,4.3,0,1,0,1,1,0,1,1,0,0,0,0
Purple Cream,4.3,0,0,0,0,1,0,1,0,1,0,1,0
Purple Diesel,4.2,0,1,0,0,1,0,1,1,0,0,0,1
Purple Dog Shit,4.8,1,0,0,1,1,0,1,1,0,0,0,0
Purple Dragon,4.3,0,0,0,1,1,0,1,1,0,0,0,0
Purple Dream,4.4,0,0,0,1,1,0,1,1,0,0,1,0
Purple Elephant,4.2,0,0,0,1,1,0,1,0,0,0,1,0
Purple Frost,0,0,0,0,0,0,0,0,0,0,0,0,0
Purple Goat,3.5,1,1,0,0,0,0,1,1,0,1,0,0
Purple Goo,4.5,0,0,0,1,1,0,1,1,0,1,0,0
Purple Gorilla,4.3,0,0,0,1,1,0,1,1,0,0,1,0
Purple Hashplant,4.2,0,0,0,1,1,0,1,0,1,0,1,0
Purple Haze,4.3,0,1,0,1,1,0,1,1,0,0,0,0
Purple Headband,4.3,1,0,0,0,1,0,1,1,0,0,0,1
Purple Hindu Kush,4.6,0,0,0,1,1,0,1,1,0,0,1,0
Purple Ice,4.4,1,0,0,1,1,0,1,1,0,0,0,0
Purple Jack,4.3,1,0,0,1,1,0,0,1,0,0,0,1
Purple Jolly Rancher,4.4,0,0,0,1,1,0,1,1,0,0,0,1
Purple Kush,4.3,0,0,0,1,1,0,1,0,1,0,1,0
Purple Linda,5,0,0,0,0,1,0,0,0,0,0,0,0
Purple Martian Kush,4.5,0,0,1,1,1,0,1,1,0,0,0,0
Purple Maui,4.1,0,1,0,0,1,0,1,1,0,0,0,1
Purple Monkey Balls,4.6,0,0,0,1,1,0,1,0,0,0,1,0
Purple Mr Nice,4.2,0,0,0,1,1,0,1,1,0,0,1,0
Purple Nepal,4.2,0,0,1,1,1,0,1,0,0,0,1,0
Purple Og Kush,4.4,0,0,0,1,1,0,1,0,1,0,1,0
Purple Pantera,4.8,0,0,0,1,1,0,0,0,0,0,1,0
Purple Panty Dropper,4.3,0,0,0,1,1,0,1,0,0,0,1,0
Purple Paralysis,4.6,0,0,0,1,1,0,1,0,1,0,1,0
Purple Passion,4.4,1,0,0,1,1,0,1,0,0,0,1,0
Purple People Eater,4.1,1,0,0,1,1,0,0,1,0,0,0,1
Purple Pinecone,4.6,0,0,0,1,1,0,1,0,0,0,1,1
Purple Power,4.4,1,1,0,0,1,0,1,1,0,0,0,0
Purple Princess,4.2,0,0,0,1,1,1,1,1,0,0,0,0
Purple Punch,4.6,0,0,0,1,1,0,1,1,0,0,1,0
Purple Raine,4.5,1,1,0,1,0,0,1,1,0,0,0,0
Purple Rhino,4.8,0,0,1,1,1,0,1,0,1,0,0,0
Purple Sage,3.6,1,0,0,1,0,1,1,1,0,0,0,0
Purple Skunk,4.3,0,0,0,0,1,0,1,0,0,0,1,1
Purple Sour Diesel,4.3,0,0,1,1,1,0,1,1,0,0,0,0
Purple Star,4.6,0,0,1,1,1,0,0,1,0,0,1,0
Purple Swish,5,0,1,0,0,0,0,1,0,1,0,1,0
Purple Tangie,4.5,1,1,0,1,1,0,1,0,0,0,0,0
Purple Tears,5,0,0,1,0,1,0,1,0,1,0,1,0
Purple Thai,4.6,1,0,0,0,1,0,1,1,0,0,0,1
Purple Tide,1,0,0,0,0,0,0,0,0,0,0,0,0
Purple Tonic,3.2,0,1,0,1,0,0,1,1,0,0,1,0
Purple Trainwreck,4.2,0,0,0,1,1,0,1,1,0,0,0,0
Purple Urkle,4.4,0,0,0,1,1,0,1,1,0,0,1,0
Purple Voodoo,4.4,0,0,0,1,1,0,1,0,0,0,0,1
Purple Widow,4.6,1,0,0,1,1,0,1,0,1,0,0,0
Purple Wreck,4.3,1,0,0,1,1,0,1,0,0,0,1,0
Q3,3.6,0,1,1,0,0,0,1,1,0,0,0,0
Qleaner,4.4,1,1,0,1,0,0,1,1,0,0,0,0
Qrazy Train,4.3,1,0,0,0,1,0,0,1,1,0,0,0
Quantum Kush,4.7,1,1,0,1,0,0,1,1,0,0,0,0
Quebec Gold,4.4,0,0,0,1,1,0,1,0,1,1,0,0
Queens Panties,3,0,1,1,0,0,0,1,1,0,1,0,0
Querkle,4.3,0,0,0,1,1,0,1,1,0,0,1,0
Queso,5,1,0,1,1,0,0,0,0,1,0,1,0
Quin N Tonic,4.6,0,0,0,0,1,0,1,0,1,0,1,1
Qush,4.5,0,0,0,1,1,0,1,1,0,0,1,0
R 4,5,1,0,0,0,1,0,1,1,0,0,0,1
Race Fuel Og,4.5,0,0,1,1,1,0,0,0,1,0,0,1
Rafael,5,0,0,0,0,0,0,0,0,0,0,0,0
Rainbow,4.5,0,0,0,1,1,0,1,1,0,1,0,0
Rainbow Jones,5,0,0,0,0,1,1,1,1,0,1,0,0
Raindance,5,0,1,0,0,0,0,1,1,0,0,0,0
Rare Dankness 1,4.8,1,0,0,1,1,0,1,0,0,0,1,0
Rare Darkness,0,0,0,0,0,0,0,0,0,0,0,0,0
Raskal Og,4.1,0,0,0,1,0,0,1,1,0,1,0,0
Raspberry Cough,4.4,1,1,0,0,0,0,1,1,0,1,0,0
Raspberry Kush,4.2,1,0,0,1,1,0,1,0,1,0,0,0
Raw Diesel,3.1,0,0,0,0,1,0,1,1,1,0,1,0
Ray Charles,4.5,0,0,1,0,1,0,0,1,0,0,1,1
Rebel Berry Og,5,1,0,0,1,1,0,1,1,0,0,0,0
Rebel God Smoke,5,0,1,0,1,0,0,1,1,0,0,0,1
Rebel Tangie Kandy,0,0,0,0,0,0,0,0,0,0,0,0,0
Reclining Buddha,4.9,0,0,0,1,1,0,1,1,0,0,0,0
Recon,4.2,0,0,0,0,1,0,1,0,0,1,1,0
Red Cherry Berry,4,0,0,0,1,1,0,1,0,0,0,0,1
Red Congolese,4.6,0,1,0,1,0,0,1,1,0,0,0,1
Red Diesel,4.2,0,1,0,1,1,0,1,0,1,0,0,0
Red Dragon,4.2,0,0,1,1,1,0,1,1,0,0,0,0
Red Dwarf,4.3,0,0,0,1,1,0,1,0,1,0,1,0
Red Eye Og,4.4,0,0,0,1,1,0,1,0,1,0,1,0
Red Haze,4.3,1,1,0,1,1,0,0,0,0,0,0,1
Red Headed Stranger,4.5,0,1,0,0,1,0,1,1,0,0,0,1
Red Poison,4.7,0,0,0,1,1,0,1,1,0,1,0,0
Red Velvet Pie,0,0,0,0,1,0,0,0,0,0,0,0,0
Red Widow,3.2,0,1,0,0,0,0,1,1,0,0,0,1
Redd Cross,5,0,0,1,0,1,0,0,0,1,0,1,0
Redding Og,4.3,0,0,0,1,0,0,1,0,1,1,0,0
Redwood Kush,4.4,0,0,0,1,1,0,1,1,0,0,1,0
Remedy,4.6,0,0,0,1,1,0,1,1,0,0,1,0
Remo Chemo,5,1,0,0,1,0,0,0,1,0,1,0,0
Rene,4.3,1,1,0,0,1,0,1,1,0,0,0,0
Rene Mist,3.7,0,0,0,0,1,1,1,1,1,0,0,0
Richie Rich,4.3,1,0,0,1,1,0,1,0,1,0,0,0
Riddler Og,4.7,1,0,1,0,0,1,0,1,0,1,0,0
Ridge Berry,5,0,0,0,0,0,0,0,0,0,0,0,0
Rigger Kush,0,0,0,0,0,0,0,0,0,0,0,0,0
Ringos Gift,4.7,0,1,0,0,1,0,1,1,0,0,0,1
Rip City Purps,4.2,0,0,0,1,1,0,1,1,1,0,0,0
Ripped Bubba,4.2,1,0,0,1,1,0,1,0,1,0,0,0
Rob Ford Kush,4.6,0,0,1,0,1,0,1,0,1,0,1,0
Robert Plant,4.5,0,1,0,1,1,0,0,1,0,1,0,0
Rockbud,4.2,0,0,0,1,1,0,1,1,0,0,1,0
Rocklock,4.6,0,1,0,1,1,0,1,0,0,0,0,1
Rockstar,4.3,0,0,0,0,1,0,1,1,0,1,1,0
Rockstar Kush,4.2,0,0,0,1,1,0,1,1,1,0,0,0
Rockstar Master Kush,4.2,0,0,0,1,1,0,1,0,1,0,1,0
Rocky Dennis,5,0,0,0,1,1,0,1,1,0,0,1,0
Rocky Mountain Blueberry,4.6,0,1,0,1,1,0,0,1,0,1,0,0
Rocky Mountain High,4.3,1,0,0,1,1,0,0,1,0,0,0,1
Rollex Og Kush,4.7,1,0,0,1,1,0,1,1,0,0,0,0
Rolls Choice,4.8,0,1,0,1,1,0,1,1,0,0,0,0
Romping Goddess,4,1,1,0,1,0,0,1,0,1,0,0,0
Romulan,4.2,0,0,0,1,1,0,1,1,0,0,1,0
Romulan Grapefruit,4.3,0,0,1,1,1,0,1,0,0,0,1,0
Romulan Haze,4.5,0,1,0,1,1,0,1,0,0,0,0,1
Root Beer Kush,3.8,1,1,0,0,1,0,0,1,0,0,0,0
Rose Bud,4.2,1,1,0,1,1,0,0,1,0,0,0,0
Royal Chemdawg,4.3,1,0,0,0,1,0,0,1,1,0,1,0
Royal Dwarf,4.4,0,0,1,0,1,1,1,0,1,0,0,0
Royal Haze,4.6,0,1,0,0,1,0,1,1,0,1,0,0
Royal Highness,4.8,0,1,0,0,1,0,1,1,0,0,0,1
Royal Kush,4.2,0,0,0,1,1,0,1,0,1,0,1,0
Royal Tree Sherbet,5,0,0,0,0,1,0,0,0,0,0,0,0
Rubicon,4.5,0,0,0,0,1,0,1,1,1,0,0,1
Rudeboi Og,4.8,0,0,0,1,1,0,1,1,1,0,0,0
Rug Burn Og,4.4,0,0,0,1,1,0,1,0,1,0,1,0
Russian Assassin,4.9,0,0,1,1,1,0,1,0,0,0,1,0
Russian Rocket Fuel,4.1,0,0,0,1,1,0,1,1,0,0,0,0
Sage,4.2,0,1,0,1,1,0,1,1,0,0,0,0
Sfv Dog,4.5,0,0,0,1,1,0,1,1,0,0,0,1
Sfv Og,4.4,0,0,0,1,1,0,1,1,0,0,0,1
Sfv Og Kush,4.5,0,0,0,1,1,0,1,1,0,0,1,0
Sage N Sour,4.2,0,1,0,1,1,0,1,1,0,0,0,0
Salmon River Og,4.4,0,0,0,0,1,1,1,1,0,0,1,0
Santa Maria,4.4,0,0,0,1,1,0,1,1,0,0,1,0
Santa Sativa,4.3,0,0,0,0,1,1,1,0,1,0,1,0
Sapphire Scout,4.6,0,0,0,1,1,0,1,1,0,0,1,0
Sapphire Star,4.5,0,0,0,1,1,0,1,1,0,0,0,1
Sasquatch Sap,4.8,1,0,0,1,1,0,0,1,0,0,0,1
Satellite Og,4.9,0,0,0,1,1,0,0,1,1,0,0,1
Satori,4.1,1,1,0,1,0,0,1,1,0,0,0,0
Saturn Og,4.5,0,0,0,1,1,0,1,1,0,0,1,0
Savage Citrus Sunshine,4.5,0,0,1,0,0,1,0,1,0,1,1,0
Savants Grail,4.8,0,0,1,1,0,1,0,1,0,0,0,1
Schrom,4.3,1,0,0,1,0,1,1,1,0,0,0,0
Scooby Snack,4.6,0,0,0,1,1,0,1,1,0,0,1,0
Scotts Og,4.6,0,0,1,1,1,0,1,0,0,0,1,0
Scouts Honor,5,1,0,0,0,1,0,0,1,0,1,0,0
Scroopy Noopers,5,0,0,0,1,1,0,0,0,1,0,0,0
Seattle Blue,4.5,0,0,0,1,1,0,1,1,1,0,0,0
Seattle Cough,4.7,1,1,0,0,1,0,1,1,0,0,0,0
Seattlesoda,0,0,0,0,0,0,0,0,0,0,0,0,0
Secret Garden Og,5,1,1,0,1,0,0,0,1,0,1,0,0
Secret Recipe,4.3,0,0,0,1,1,0,1,1,0,0,0,0
Sensi Skunk,4.4,1,0,0,1,1,0,1,0,1,0,0,0
Sensi Star,4.1,0,0,0,1,1,0,1,1,0,0,1,0
Sequoia Strawberry,4.4,0,1,0,1,1,0,0,1,0,0,0,1
Serious 6,3.8,0,0,0,0,1,1,0,1,1,0,1,0
Serious Happiness,4.4,0,1,0,1,1,0,1,0,0,1,0,0
Sexxpot,4.1,1,0,1,0,0,1,1,1,0,0,0,0
Shaman,4.2,0,1,0,1,0,0,1,1,0,0,0,1
Shangri La,4.7,0,1,0,1,1,0,1,1,0,0,0,0
Shark Attack,4.2,0,0,1,0,1,0,1,0,1,0,0,1
Shark Bite,4.1,0,1,0,1,1,1,0,1,0,0,0,0
Shark Shock,4.2,0,0,1,1,1,0,1,0,0,0,0,1
Sharks Breath,4.4,0,0,0,1,1,0,1,1,0,0,0,1
Shiatsu Kush,4.4,0,0,1,1,1,0,1,0,0,0,1,0
Shining Silver Haze,4.8,0,0,0,1,1,0,0,1,1,1,0,0
Shipwreck,4.5,1,1,0,1,1,0,1,0,0,0,0,0
Shishkaberry,4.3,0,0,0,1,1,0,1,1,0,1,0,0
Shiskaquine,4.6,0,1,0,1,1,0,0,1,0,0,0,1
Shiva Skunk,4.2,0,0,1,1,1,0,1,1,0,0,0,0
Shoreline,4.4,0,0,0,1,1,0,1,0,1,0,0,0
Shurman 7,4.7,0,0,0,1,1,0,0,0,0,0,1,0
Sierra Mist,4.7,1,0,0,1,1,0,1,0,0,0,0,0
Silver Back,4,0,0,0,1,0,1,1,1,0,1,0,0
Silver Bubble,4.5,1,0,0,1,1,0,1,1,0,0,0,0
Silver Calyx,5,0,1,0,1,1,1,0,0,0,0,0,1
Silver Cindy,5,0,1,0,1,0,1,1,1,0,0,0,0
Silver Haze,4.2,0,0,0,1,1,0,1,1,0,1,0,0
Silver Kush,4.4,0,0,0,0,1,0,1,1,0,0,0,1
Silver Nina,5,1,1,0,0,0,1,1,0,0,0,0,1
Silver Pearl,4.3,1,1,0,1,0,0,1,1,0,0,0,0
Silver Surfer,4.3,0,0,1,1,1,0,1,0,0,0,0,0
Silver Train,4.7,0,1,0,1,1,1,0,0,0,0,0,1
Silverback Gorilla,4.5,0,0,1,1,1,0,1,0,0,0,1,0
Silverfalls Kush,4.8,0,0,0,1,1,0,1,0,1,0,0,0
Silverhawks Og,5,1,0,0,1,1,0,1,1,0,0,0,0
Sin City Kush,4.9,0,0,0,1,1,0,1,1,0,0,0,0
Sin Valley Og,4.5,0,0,0,1,1,0,1,0,0,0,1,1
Sinmint Cookies,4.6,0,0,0,1,1,0,1,1,0,0,1,0
Sinai,4.8,0,0,0,1,1,0,1,1,0,1,0,0
Sirius Black,4.6,1,0,0,1,1,0,1,1,0,0,0,0
Six Shooter,4.6,1,0,0,1,0,0,1,1,0,0,0,1
Skins Skunk,5,0,0,0,1,1,0,1,1,0,0,1,0
Skunk 47,4.3,0,0,0,0,1,0,1,1,1,0,1,0
Skunk Dawg,4.4,1,0,0,0,1,0,1,1,0,0,0,1
Skunk Haze,4.1,0,0,0,1,1,0,1,0,0,0,0,1
Skunk 1,4.1,1,0,0,1,1,0,1,0,1,0,0,0
Skunkberry,4.5,1,0,0,1,1,0,1,1,0,0,0,0
Skunky Diesel,4.2,0,1,0,0,1,0,1,1,0,0,1,0
Sky Master,0,0,0,0,0,0,0,0,0,0,0,0,0
Skydog,4.5,0,0,0,1,1,0,1,1,0,0,0,1
Skywalker,4.3,0,0,0,1,1,0,1,1,0,0,1,0
Skywalker Alien,3.8,0,0,0,1,1,0,1,0,1,0,0,0
Skywalker Og,4.5,0,0,0,1,1,0,1,1,0,0,1,0
Slazerbeam,4.6,1,1,0,0,0,0,1,1,0,1,0,0
Sleeskunk,4.2,1,1,1,1,0,0,0,1,0,0,0,0
Sleestack,4.3,1,0,0,1,1,0,1,1,0,0,0,0
Slimer Og,4.6,0,0,0,1,1,0,1,1,0,1,0,0
Smelliot,5,1,0,0,1,0,0,1,1,0,0,0,1
Smooth Operator,4,0,1,0,0,0,0,1,1,0,1,0,0
Snoop Dogg Og,4.6,0,0,0,1,1,0,1,0,1,0,1,0
Snoop S Dream,4.6,0,0,0,1,1,0,1,1,0,0,0,0
Snow Bud,4.6,0,0,0,1,1,0,1,1,0,0,1,0
Snow Diesel,3.4,0,1,0,1,0,0,1,1,0,0,0,1
Snow Leopard,4.6,0,0,0,1,1,0,1,1,0,0,1,0
Snow Lotus,4.6,0,0,0,1,0,0,1,1,0,0,0,1
Snow Monster,4.3,0,0,0,1,1,0,1,0,1,0,1,0
Snow Mountain,4,0,0,0,0,1,0,0,1,0,0,0,0
Snow Ryder,4,0,0,0,0,1,1,0,1,0,0,1,0
Snow White,4.3,0,0,0,1,1,0,1,0,1,1,0,0
Snowland,4.5,1,0,0,0,1,0,0,0,0,1,1,1
Snowcap,4.1,1,0,0,1,0,0,1,1,0,0,0,1
Sojay Haze,4.8,0,0,0,1,1,0,0,1,1,1,0,0
Somango,4.3,0,0,0,1,1,0,0,0,1,0,1,1
Sonic Screwdriver,4.5,0,1,0,1,0,0,1,1,0,0,0,0
Sonoma Coma,4.5,0,0,0,1,0,0,1,1,0,1,0,1
Sorcerers Apprentice,5,0,1,1,0,0,1,0,1,0,0,0,1
Soul Assassin Og,4.5,0,0,0,1,1,0,1,0,0,0,1,1
Soul Shine,4.1,1,0,0,1,0,0,1,1,1,0,0,0
Soulshine Aloha,0,0,0,1,1,0,0,1,1,0,0,0,1
Sour Alien,4.3,1,0,0,0,1,0,1,1,0,0,0,0
Sour Amnesia,4.6,0,1,0,1,1,0,1,1,0,0,0,0
Sour Ape,4.2,0,1,0,0,1,0,1,0,1,0,0,0
Sour Apple,4.2,0,0,0,1,1,0,1,1,0,0,1,0
Sour Banana Sherbet,4.7,0,0,0,1,1,0,1,1,0,0,0,1
Sour Breath,4,1,1,0,0,0,0,1,1,0,0,0,1
Sour Bubba,4.5,0,0,0,1,1,0,1,1,0,0,1,0
Sour Bubble,4.6,1,0,0,0,1,0,1,1,0,0,0,0
Sour Candy,4.5,1,1,0,0,0,0,1,1,0,0,0,1
Sour Chees,4.3,1,0,0,0,1,0,1,1,0,1,0,0
Sour Cherry Sherbert,0,0,0,0,0,0,0,0,0,0,0,0,0
Sour Chocolate,3.9,1,0,0,0,0,0,1,1,0,1,1,0
Sour Chunk,4.3,1,0,0,1,1,0,0,1,1,0,0,0
Sour Cookies,4.4,0,0,0,1,1,0,1,1,0,1,0,0
Sour Cream,4.3,0,0,0,1,1,0,1,1,0,0,0,1
Sour Diesel,4.4,0,1,0,1,1,0,1,1,0,0,0,0
Sour Dream,4.4,1,0,1,1,0,0,1,1,0,0,0,0
Sour Dubble,4.9,1,0,0,0,1,0,1,1,0,1,0,0
Sour Flower,4.3,0,1,0,0,0,1,1,1,0,0,0,1
Sour Grape,4.2,0,1,0,0,1,0,1,1,1,0,0,0
Sour Haze,4.5,1,0,0,1,1,0,1,1,0,0,0,0
Sour Headband,4.4,0,1,0,1,0,0,1,1,0,0,0,1
Sour Jack,4.5,1,1,0,1,0,0,1,1,0,0,0,0
Sour Jilly,4.8,0,1,0,1,0,0,1,1,0,1,0,0
Sour Joker,4.7,1,1,0,0,0,0,1,1,0,0,0,1
Sour Kush,4.3,0,1,0,0,1,0,1,1,0,0,0,1
Sour Lsd,4.3,0,1,0,1,0,0,1,1,0,0,0,1
Sour Lemon Og,4.6,0,1,0,0,1,0,1,0,0,1,0,1
Sour Maui,4.7,1,1,0,1,0,0,1,1,0,0,0,0
Sour Og,4.4,1,0,0,1,1,0,1,1,0,0,0,0
Sour Patch Kiss,4.7,1,0,0,0,1,0,1,1,0,1,0,0
Sour Pebbles,4.6,0,1,0,1,0,0,1,1,0,0,0,1
Sour Poison,4.6,0,0,0,0,1,0,1,1,0,1,0,0
Sour Power,4.7,0,1,0,1,0,0,1,0,1,1,0,0
Sour Spyder,5,0,1,1,1,0,1,1,0,0,0,0,0
Sour Star Head,5,0,1,0,1,0,0,1,1,0,1,0,0
Sour Strawberry Diesel,4.6,1,0,0,1,1,0,1,1,0,0,0,0
Sour Sunset,4.7,1,0,0,1,1,0,1,1,0,0,0,0
Sour Tangie,4.6,0,1,0,1,0,0,1,1,0,0,0,1
Sour Tsunami,4.4,1,0,0,1,1,0,1,0,0,0,0,1
Sour Urkle,4.6,0,0,0,0,1,0,1,1,1,0,0,1
Sour Willie,4.5,0,0,1,0,0,0,1,1,1,0,1,0
Sourlope,4.6,1,0,0,0,1,0,1,1,0,0,0,1
South American,4,0,1,0,0,1,0,1,0,1,0,1,0
South Asian,4,0,0,0,1,0,0,0,1,0,1,1,0
South Asian Sativa,0,0,0,0,0,0,0,0,0,0,0,0,0
South Central La,4.8,0,0,0,1,1,0,0,1,1,0,0,1
South Indian Indica,3.8,0,0,0,0,0,0,0,0,0,0,0,0
South Indian,4.3,0,1,0,1,1,0,1,0,1,0,0,0
Southern Lights,3.5,1,0,0,1,0,1,1,1,0,0,0,0
Space Bomb,4.3,1,0,0,1,1,0,1,1,0,0,0,0
Space Candy,4.6,0,0,0,1,1,0,1,1,0,0,0,1
Space Cream,4.8,0,1,0,1,1,0,1,1,0,0,0,0
Space Dawg,4.2,0,0,0,1,1,0,0,1,0,1,0,0
Space Jill,3.7,1,1,0,1,0,0,0,1,0,0,0,1
Space Monster,4.3,1,0,1,0,1,0,0,1,0,0,1,0
Space Needle,3.7,0,0,0,1,1,0,1,1,1,0,0,0
Space Queen,4.4,0,0,0,1,1,0,1,1,0,0,0,1
Special K,4.5,1,0,0,1,1,0,1,1,0,0,0,0
Special Kush 1,4.6,0,0,0,1,1,0,0,1,1,0,1,0
Spirit Of 76,4.6,0,0,0,1,1,0,1,1,0,1,0,0
Spliffs Strawberry,4.6,1,1,0,1,0,0,0,0,0,1,0,1
Spoetnik 1,5,1,1,0,1,0,0,0,0,0,0,1,1
Sputnik,4.5,0,1,1,1,1,0,1,0,0,0,0,0
Spyder Mon,5,1,0,0,0,1,0,1,1,0,0,0,1
Star 47,4.3,0,0,0,1,1,0,1,0,0,0,1,0
Star Berry,4.6,0,1,0,1,1,0,1,1,0,0,0,0
Star Killer,4.5,0,0,0,1,1,0,1,1,0,0,1,0
Star Master Kush,4.7,0,0,0,0,1,0,1,1,0,0,1,1
Star Tonic,4.7,0,0,0,1,1,0,1,1,0,0,0,1
Starbud,4.6,0,0,0,1,1,0,1,1,0,0,1,0
Stardawg,4.5,0,0,0,1,1,0,1,1,0,1,0,0
Stardawg 91,5,0,0,0,1,1,0,1,0,0,0,1,0
Stardawg Guava,4.6,1,1,0,0,1,0,1,1,0,0,0,0
Starfighter,4.1,1,0,0,1,1,0,1,1,0,0,0,0
Starry Night,4.6,0,1,1,1,0,0,1,0,0,0,0,1
Stella Blue,4.6,0,1,0,0,0,0,1,1,0,1,0,1
Stephen Hawking Kush,4.6,0,0,1,1,1,0,1,0,0,0,0,1
Stevie Wonder,4.6,0,0,1,0,0,0,1,1,1,0,0,1
Straight As Haze,5,0,1,0,1,0,0,1,0,0,1,0,0
Strawberry,4.4,0,0,0,1,1,0,1,1,0,1,0,0
Strawberry Alien Kush,4,0,0,0,0,1,0,0,0,0,0,0,0
Strawberry Amnesia,4.5,1,1,0,1,1,0,0,1,0,0,0,0
Strawberry Banana,4.5,1,0,0,1,1,0,1,1,0,0,0,0
Strawberry Blondie,4.9,1,0,0,1,1,0,1,1,0,0,0,0
Strawberry Blue,4.2,0,1,0,1,1,0,1,1,0,0,0,0
Strawberry Cheesecake,4.4,0,0,0,1,1,0,1,1,0,0,0,0
Strawberry Cough,4.3,0,1,0,1,1,0,1,1,0,0,0,0
Strawberry Diesel,4.3,1,0,0,1,1,0,1,1,0,0,0,0
Strawberry Dream,4.4,1,1,0,1,0,0,1,1,0,0,0,0
Strawberry Durban Diesel,4.4,1,0,0,0,0,1,0,1,0,1,0,1
Strawberry Fields,4.6,0,0,0,1,1,0,1,1,1,0,0,0
Strawberry Frost,5,0,0,0,0,1,1,1,0,1,0,0,0
Strawberry Ice,4.8,1,1,0,1,0,0,1,0,0,0,0,1
Strawberry Kush,4.2,0,0,0,1,1,0,1,1,0,0,1,0
Strawberry Lemonade,4.3,0,1,0,1,1,0,1,1,0,0,0,0
Strawberry Mango Haze,4.6,0,1,0,1,0,0,1,1,0,0,0,1
Strawberry Milkshake,4.4,0,0,1,1,1,0,1,1,0,0,0,0
Strawberry Og,4.2,1,0,0,1,1,0,1,0,1,0,0,0
Strawberry Satori,4.5,1,1,0,0,1,0,1,1,0,0,0,0
Sublime,4.2,0,0,0,1,0,0,1,1,0,1,0,1
Sugar Black Rose,4.5,0,0,0,1,1,0,1,1,0,0,1,0
Sugar Calyx,0,0,0,0,0,0,0,0,0,0,0,0,0
Sugar Cookie,4.3,0,0,0,1,1,0,1,0,0,0,1,0
Sugar Kush,4.1,0,0,0,1,1,0,1,0,1,0,1,0
Sugar Mama,4.8,0,0,0,1,1,0,1,1,0,0,0,1
Sugar Pine,0,0,0,0,0,0,0,0,0,0,0,0,0
Sugar Plum,4.5,1,0,0,1,1,0,1,1,0,0,0,0
Sugar Punch,4.8,0,0,0,0,0,1,1,1,1,0,0,0
Sugar Shack,4.6,0,1,0,0,1,0,1,1,0,1,0,0
Suicide Girl,4.8,0,0,1,1,1,0,0,1,0,1,0,0
Summertime Squeeze,4.9,1,0,0,0,0,1,1,0,0,1,0,0
Sumo Grande,4.5,1,0,0,0,0,0,0,1,1,1,0,1
Sumo Og Kush,4.3,0,0,0,0,1,0,0,1,1,1,0,1
Sun Ra,4.7,0,0,1,1,0,0,1,1,0,0,0,1
Sunburn,4.6,1,1,0,1,0,0,1,1,0,0,0,0
Sunlight Skunk,0,0,0,0,0,0,0,0,0,0,0,0,0
Sunset Haze,4.2,1,0,0,0,1,1,0,1,0,0,1,0
Sunset Sherbert,4.6,1,0,0,1,1,0,1,1,0,0,0,0
Sunshine,4.7,1,1,0,0,0,0,1,1,0,0,0,1
Sunshine 4,4.8,0,0,0,1,1,0,1,1,0,1,0,0
Sunshine Daydream,4.4,0,0,1,1,1,0,1,1,0,0,0,0
Supa Don,4.5,1,1,0,0,0,0,1,1,0,0,0,1
Super Chronic,4.8,0,0,0,1,1,0,1,0,0,0,1,1
Super Blue Dream,4.3,0,1,0,1,1,0,1,1,0,0,0,0
Super Bud,4.1,1,0,0,0,1,0,1,0,0,0,1,0
Super Cat Piss,4,1,0,1,1,0,0,1,1,0,0,0,0
Super Cheese,4.5,0,0,1,1,1,0,1,0,0,0,1,0
Super G,4.5,1,1,1,0,0,0,1,1,0,0,0,0
Super Green Crack,4.5,0,1,0,1,0,0,1,0,0,0,0,1
Super Jack,4.5,0,1,0,0,0,0,1,1,0,1,0,1
Super Kush,4.2,0,0,0,1,1,1,1,0,0,0,0,0
Super Lemon Haze,4.4,0,1,0,1,0,0,1,1,0,0,0,1
Super Lemon Og,4.4,1,0,0,1,1,0,1,0,1,0,0,0
Super Silver Haze,4.4,0,1,0,1,1,0,1,1,0,0,0,0
Super Silver Lights,4.5,1,0,0,1,0,0,1,1,0,0,0,0
Super Skunk,4.2,0,0,0,1,1,0,1,0,1,0,1,0
Super Snow Dog,4.5,0,0,0,1,1,0,1,1,0,0,0,1
Super Sour Diesel,4.5,1,1,0,1,0,0,1,1,0,0,0,0
Super Sour Og,4.6,0,0,0,0,1,0,1,1,0,0,0,1
Super Sour Skunk,4.5,0,0,0,1,0,0,1,1,0,1,1,0
Super Sour Widow,4.7,0,1,0,1,1,0,1,1,0,0,0,0
Super Sweet,4.8,0,0,0,0,1,0,1,1,0,0,0,1
Supergirl,4.5,0,0,0,1,1,0,1,0,0,0,1,0
Superglue,4.7,0,0,0,1,1,0,1,1,0,0,0,0
Superman Og,4.3,0,0,0,1,1,0,1,0,1,0,1,0
Supermax Og,4.9,0,0,1,1,1,0,1,1,0,0,0,0
Supernatural,4.4,1,1,0,1,1,0,1,0,0,0,0,0
Supernova,4.3,1,0,0,1,1,0,1,1,0,0,0,0
Superstar,4,0,0,0,1,1,0,1,1,0,0,0,1
Suzy Q,4.3,0,0,0,0,1,0,1,1,0,1,0,1
Swazi Gold,3.7,1,0,0,0,1,0,0,0,1,0,0,1
Sweet Baby Jane,4.3,0,0,1,0,1,0,1,0,1,0,0,0
Sweet Berry,4.2,1,0,0,1,1,0,1,1,0,0,0,0
Sweet Black Angel,4.7,0,0,1,1,1,0,1,0,0,0,1,0
Sweet Cheese,4.3,1,0,0,1,1,0,1,0,0,0,0,1
Sweet Deep Grapefruit,4,0,0,0,1,1,0,1,0,1,0,1,0
Sweet Diesel,4.1,0,1,0,1,1,0,1,0,0,0,0,0
Sweet Dream,4.6,1,0,0,1,1,0,1,0,0,0,0,0
Sweet Dreams,4.3,0,0,0,0,1,0,1,1,1,0,1,0
Sweet Harlem Diesel,4.7,1,0,0,1,0,1,0,1,0,1,0,0
Sweet Hawaiian Tangie Banana,0,0,0,0,0,0,0,0,0,0,0,0,0
Sweet Jane,4.6,0,0,1,0,0,1,1,0,0,0,1,1
Sweet Kush,4.4,0,0,0,1,1,0,1,0,1,0,1,0
Sweet Lafayette,3.6,0,0,0,1,1,1,1,1,0,0,0,0
Sweet Nina,3.9,0,0,0,1,1,0,1,1,0,0,0,1
Sweet Pebbles,4.8,1,0,0,1,1,0,1,0,0,0,0,1
Sweet Skunk,4.2,1,1,0,1,0,1,1,0,0,0,0,0
Sweet Tooth,4.2,0,0,0,1,1,0,1,1,0,0,1,0
Sweet And Sour Widow,4.5,0,0,0,0,1,0,1,1,0,0,1,1
Swiss Bliss,4,1,0,0,1,0,0,1,0,0,1,0,0
Swiss Gold,4.6,0,0,0,0,1,0,1,1,1,0,0,1
Swiss,4.3,1,1,0,0,1,0,1,1,0,0,0,0
Swiss Sativa,4.5,0,0,0,0,0,0,0,0,0,0,0,0
Swiss Tsunami,4.8,0,0,0,0,1,0,1,1,0,0,1,1
Thc Bomb,4.2,0,0,0,0,1,0,1,1,1,0,0,0
Tjs Cbd,4.3,1,1,0,0,0,0,0,1,0,1,0,1
Tahoe Alien,4.5,1,0,0,1,1,0,1,0,1,0,0,0
Tahoe Frostbite,5,0,0,0,1,1,1,1,0,0,1,0,0
Tahoe Hydro Champagne,3.7,0,1,1,0,0,0,1,1,0,1,0,0
Tahoe Hydro Og,4.9,0,0,1,1,1,0,1,0,0,0,1,0
Tahoe Og,4.4,0,0,0,1,1,0,1,0,1,0,1,0
Tahoe Purps,3,1,0,0,0,1,0,0,0,1,0,1,0
Taliban Poison,3.7,0,0,0,0,0,1,1,0,1,0,1,0
Tangelo,4.3,0,1,0,1,0,0,1,1,0,0,0,1
Tangelo Kush,4,0,0,0,0,1,0,0,1,0,1,1,0
Tangenesia,5,0,0,0,0,0,0,0,0,0,0,0,0
Tangerine,4.2,1,1,0,0,1,0,1,1,0,0,0,0
Tangerine Dream,4.4,0,1,0,1,1,0,1,1,0,0,0,0
Tangerine Haze,4.5,0,1,0,1,0,0,1,1,0,1,0,0
Tangerine Kush,4.1,0,0,0,1,1,0,1,0,1,0,1,0
Tangerine Man,4.8,0,1,0,1,0,0,1,1,1,0,0,0
Tangerine Power,4.4,0,0,1,0,1,0,1,1,0,0,1,0
Tangerine Sunrise,4.8,1,0,1,0,1,1,1,0,0,0,0,0
Tangerine Trainwreck Haze,5,1,1,0,1,0,1,0,1,0,0,0,0
Tangie,4.5,0,1,0,1,1,0,1,1,0,0,0,0
Tangie Dream,4.4,1,0,1,0,0,0,1,1,0,0,0,1
Tangie Ghost Train,4.7,0,1,0,1,0,0,1,1,0,0,0,1
Tangie Sunrise,0,0,0,1,1,1,0,1,1,0,0,0,0
Tangier Chilly,5,1,1,0,0,0,0,0,1,0,1,0,0
Tangilope,4.6,1,1,0,0,0,0,1,1,0,1,0,0
Tango Kush,4.3,0,1,0,1,0,0,1,1,0,0,0,1
Tardis,5,1,0,0,1,0,1,0,0,0,1,0,1
Tembo Kush,4.5,1,0,0,1,1,0,1,0,0,0,0,1
Terminator Og,4.7,1,0,0,1,1,0,1,0,0,0,1,0
Tesla,4.7,0,0,0,1,1,0,1,1,0,0,0,0
Tesla Tower,4.8,1,1,1,0,1,0,0,1,0,0,0,0
Thai,4.2,0,1,0,0,1,0,1,1,0,0,0,1
Thai Girl,4,0,1,1,1,1,0,0,0,0,0,0,1
Thai Haze,4.3,1,1,0,1,0,1,1,0,0,0,0,0
Thai Lights,4.7,0,1,0,1,1,0,1,1,0,0,0,0
Thai Tanic,4,0,1,0,1,0,0,1,1,0,0,0,1
Thaidal Wave,3.8,1,1,0,1,0,0,0,1,0,0,0,1
The Big Dirty,5,0,0,0,0,1,0,0,1,1,0,0,0
The Black,4.4,0,0,0,1,1,0,1,1,0,0,1,0
The Blintz,5,1,1,0,0,0,0,1,1,0,0,0,1
The Blood,4.6,1,1,0,1,0,1,0,1,0,0,0,0
The Brotherhood,4.5,0,0,0,1,1,0,1,1,1,0,0,0
The Cough,4.5,0,1,0,1,0,0,0,1,0,0,0,1
The Doctor,4.4,0,1,0,1,0,1,1,0,0,0,1,0
The Flav,4.2,0,1,0,1,1,0,1,0,0,0,1,0
The Fork,0,0,0,0,0,0,0,0,0,0,0,0,0
The Gift,5,0,0,0,0,1,0,0,1,0,0,0,0
The Grunk,4.6,0,0,1,1,1,0,1,1,0,0,0,0
Hog,4,0,0,0,1,1,0,1,0,0,0,1,0
The Loops,5,0,0,0,1,1,0,1,0,0,0,1,0
The Ox,4.8,0,0,0,1,1,0,1,1,1,0,0,0
The One,4.9,0,0,1,1,1,0,1,0,0,0,0,0
The Ooze,5,1,0,1,1,0,0,0,1,0,0,0,1
The Sauce,4.8,1,0,0,1,1,0,1,1,0,0,0,0
The Sheriff,4,0,0,0,0,1,0,0,1,0,0,1,0
The Sister,4.3,1,0,0,1,1,0,0,1,0,0,0,1
The Third Dimension,4.5,1,1,0,1,0,0,1,1,0,0,0,0
The Truth,4.6,0,0,0,1,1,0,1,1,0,0,1,0
The Void,4.5,0,0,0,1,1,0,1,1,0,0,1,0
The White,4.6,1,0,0,1,1,0,1,1,0,0,0,0
The White Angel,4.2,0,0,0,0,1,1,0,0,0,0,0,0
The Wife,4.9,0,0,1,1,1,0,1,1,0,0,0,0
The Wills,0,1,0,1,1,0,0,0,1,0,1,0,0
Thelonious Skunk,4.8,0,1,0,1,1,0,1,1,0,0,0,0
Thin Mint,4.6,0,0,0,1,1,0,1,1,1,0,0,0
Think Different,4.3,1,1,0,0,0,0,1,1,0,0,0,1
Thors Hammer,4.3,1,1,0,1,0,1,1,0,0,0,0,0
Throwback Kush,4.3,0,0,0,0,1,0,1,0,1,0,1,0
Thunderbird Rose,4.8,0,0,0,1,1,0,1,1,0,0,0,1
Thunderstruck,4.9,1,0,0,0,1,0,0,1,0,1,0,1
Tickle Kush,4.3,1,0,0,1,0,0,1,1,0,0,1,0
Tiger Woods,4.1,1,1,0,0,1,0,0,0,1,0,0,0
Tigers Milk,4.6,0,0,0,1,1,0,1,1,0,0,1,0
Tigermelon,3,1,0,0,0,1,0,1,0,0,0,0,0
Tillamook Strawberry,4.7,0,1,0,1,1,0,1,0,0,0,0,1
Timewreck,4.4,0,0,0,1,0,0,1,1,0,1,0,0
Tina Danza,4.6,1,0,0,1,1,0,1,0,0,0,1,0
Titans Haze,4.3,0,1,1,1,0,0,1,0,0,1,0,0
Tokyo Og,4.6,0,0,0,1,1,0,1,1,0,0,1,0
Tommys Home Grown,4,1,1,0,0,1,0,0,1,0,0,0,1
Tonics Web,0,0,0,0,0,0,0,0,0,0,0,0,0
Tora Bora,4.5,1,0,0,1,1,0,1,0,0,0,1,0
Toxic,4.5,0,1,0,0,1,0,1,0,0,0,1,1
Toxic Punch,4.1,0,1,0,0,1,0,1,1,1,0,0,0
Training Day,4.5,0,0,1,1,1,0,1,0,0,0,1,0
Trainwreck,4.2,1,0,0,1,1,0,1,1,0,0,0,0
Tranquil Elephantizer Remix,4.3,0,0,0,1,1,0,1,0,1,0,1,0
Transformer,4,1,1,1,0,0,0,0,1,0,0,1,0
Trash,4.7,0,0,0,1,1,0,1,1,0,0,0,1
Travel Joint,4.5,0,1,0,0,1,1,0,1,0,0,0,1
Treasure Island,4.7,0,1,0,0,1,0,1,1,0,0,0,1
Tree Of Life,4.9,1,0,0,1,1,0,1,1,0,0,0,0
Tres Dawg,4.5,0,1,0,0,1,0,1,1,0,0,1,0
Triangle Kush,4.5,1,0,0,1,1,0,1,0,0,0,1,0
Trident,4.3,0,0,1,0,1,0,1,1,0,0,0,1
Trifecta,4.4,0,0,1,0,0,0,1,1,1,0,1,0
Trinity,4.3,0,0,0,1,1,1,1,1,0,0,0,0
Triple Cheese,4.5,0,0,1,1,1,0,1,0,0,0,1,0
Triple Diesel,4.2,0,0,0,1,1,0,1,0,0,0,1,1
Trix,4.9,0,1,1,0,1,0,0,1,0,0,0,1
Tropic Thunder,4.6,1,1,0,0,1,0,1,1,0,0,0,0
Tropical Tang,4.5,1,0,0,1,1,0,1,0,0,0,0,1
Tropicali,4.4,0,1,0,1,1,0,1,1,0,0,0,0
True Og,4.4,1,0,0,1,1,0,1,0,0,0,1,0
True X,3,0,0,1,0,1,0,0,1,0,0,1,1
Truffle Butter,4.5,0,0,0,1,0,1,1,0,0,0,1,0
Truth Serum,4.3,0,1,0,0,0,0,1,1,0,1,1,0
Tuna Kush,4.5,0,0,0,1,1,0,1,1,0,0,1,0
Tuna Og,2,0,0,0,0,0,0,0,0,0,0,0,0
Turbo Mind Warp,4.5,0,0,0,1,0,0,1,1,1,0,0,1
Tutankhamon,4.6,0,1,0,1,0,0,1,1,0,0,0,1
Tutti Frutti,4.2,0,1,0,1,1,0,1,1,0,0,0,0
Twista,4.2,1,1,0,0,0,0,1,0,0,1,0,1
Twisted Citrus,4.5,1,1,0,0,1,0,1,1,0,0,0,0
Tyson,4.8,0,0,0,0,1,0,1,1,1,0,1,0
U2 Kush,4.1,0,0,0,0,1,0,1,1,1,0,0,0
Uk Cheese,4.2,0,1,0,1,1,0,1,1,0,0,0,0
Uw,4.3,0,0,0,0,1,0,1,1,1,0,1,0
Ultimate Trainwreck,4.4,0,1,0,1,0,1,1,0,0,0,0,1
Ultra Banana,5,0,0,1,0,1,0,0,0,1,0,1,0
Ultra Sonja,4.6,0,0,1,1,1,0,0,0,0,0,0,1
Ultra Sour,4.8,1,1,0,1,0,0,0,1,0,0,0,1
Ultraviolet Og,4.7,0,0,0,1,1,0,1,1,0,0,1,0
Urkle Train Haze,4.9,0,0,0,1,1,0,1,1,0,1,0,0
Vcdc,4.5,0,0,0,1,1,0,1,1,0,0,0,1
Az Super Sour Og,4.9,0,1,0,0,1,0,1,1,0,0,0,0
Vader Og,4.5,0,0,0,1,1,0,1,0,1,0,1,0
Valentine X,4.4,1,0,1,1,1,0,0,0,0,0,0,1
Valley Ghash,4.4,0,0,0,1,1,0,1,0,1,0,1,0
Valley Girl,4.7,0,1,0,1,1,0,1,1,0,0,0,0
Vanilla Kush,4.3,0,0,0,1,1,0,1,0,1,0,1,0
Vanilluna,4.8,0,0,0,0,1,0,1,0,0,0,1,0
Velvet Bud,3.9,0,1,0,1,0,1,0,1,0,1,0,0
Velvet Purps,5,0,0,1,1,1,0,1,0,0,0,1,0
Venice Og,4.3,1,1,0,0,0,0,1,1,0,0,0,1
Venom Og,4.4,0,0,0,1,1,0,1,1,0,0,1,0
Venus Og,4.8,1,0,1,0,0,0,1,1,0,0,0,1
Verde Electric,4.2,1,0,0,1,1,0,1,0,1,0,0,0
Versace,4.8,0,1,0,1,1,0,1,1,0,0,0,0
Very Berry Haze,4,0,0,0,1,1,0,1,1,1,0,0,0
Vietnamese Bubba,5,0,0,0,1,1,0,1,1,1,0,0,0
Violator Kush,4.3,0,0,0,1,1,0,1,1,0,0,1,0
Violet Delight,4.4,0,0,0,0,1,0,1,1,0,0,1,1
Violeta,0,0,0,0,0,0,0,0,0,0,0,0,0
Viper,4.5,0,1,0,0,0,0,1,1,0,1,0,0
Voodoo,4.2,0,0,1,1,1,0,1,1,0,0,0,0
Vortex,4.3,0,1,0,1,0,0,1,1,0,1,0,0
Wmd,4.9,0,0,1,1,1,0,1,0,1,0,0,0
Wsu,4.4,0,0,0,1,1,0,1,0,1,1,0,0
Wtf,5,1,1,0,0,1,0,1,0,0,0,0,1
Waipi O Hapa,4.4,1,1,0,0,1,0,0,1,0,0,0,1
Waldo,4,1,0,1,1,0,0,0,1,1,0,0,0
Walker Kush,4.8,0,0,0,1,1,0,1,1,0,0,0,1
Wally Og,4.8,1,0,0,0,1,0,1,0,0,0,1,1
Walrus Kush,4.3,1,0,0,0,0,0,1,1,1,0,0,0
Walter White,4.7,0,1,0,1,1,0,1,1,0,0,0,0
Wappa,4.3,0,0,0,0,1,0,1,1,1,0,0,0
Warlock,3.9,0,0,0,1,1,0,1,1,1,0,0,0
Washing Machine,5,1,0,1,0,1,0,0,0,0,1,1,0
Watermelon,4.5,0,0,0,1,1,0,1,0,1,0,1,0
Webster,4.5,0,0,0,0,1,0,1,1,0,1,1,0
Wedding Cake,4.7,0,0,0,1,1,0,1,1,0,0,0,1
Wellness Og,4.9,1,0,0,1,1,0,1,1,0,0,0,0
Wembley,4,0,0,0,0,0,0,0,0,0,0,0,0
West Coast Dawg,4.8,1,0,0,1,1,0,1,1,0,0,0,0
West Og,3.6,1,0,0,0,1,0,1,0,1,0,1,0
Wet Dream,4.4,1,1,0,1,0,0,1,1,0,0,0,0
Whitaker Blues,4.2,0,0,0,1,1,0,1,1,0,0,1,0
White 99,4.5,0,1,0,1,1,0,1,1,0,0,0,0
White Bastard,4.4,0,0,0,1,1,0,1,0,0,0,1,1
White Berry,4.1,0,0,0,1,1,0,1,1,0,0,1,0
White Bubblegum,5,0,0,1,0,0,1,0,0,0,1,1,0
White Buffalo,4.5,0,1,0,1,1,0,1,1,0,0,0,0
White Caramel Cookies,5,0,0,0,1,1,1,0,0,0,1,1,0
White Cheese,4.2,1,0,0,1,1,0,1,0,0,1,0,0
White Chocolate,3,0,0,0,0,0,0,0,0,0,0,0,0
White Cookies,4.3,0,0,0,1,1,0,1,1,0,0,0,1
White Dawg,4.2,0,0,0,0,1,0,1,1,1,0,0,0
White Diesel,4.2,1,0,0,1,1,0,1,1,0,0,0,0
White Dragon,4.2,0,0,0,1,1,0,1,1,1,0,0,0
White Dream,4.6,0,1,0,1,1,0,1,1,0,0,0,0
White Durban,4.6,0,1,1,0,0,1,0,1,0,1,0,0
White Elephant,4.4,0,0,0,1,1,0,1,1,0,0,1,0
White Empress,4.4,0,1,0,1,1,0,1,0,0,0,1,0
White Fire 43,4.7,0,0,0,1,1,0,1,0,1,0,1,0
White Fire Alien Og,4.4,0,0,1,1,1,0,1,1,0,0,0,0
White Fire Og,4.5,0,1,0,1,1,0,1,1,0,0,0,0
White Girl,4.5,0,0,0,1,1,0,0,1,1,1,0,0
White Gold,4.7,0,0,0,1,1,0,1,1,0,1,0,0
White Gorilla,4.7,0,0,0,1,1,0,1,1,1,0,0,0
White Haze,4,1,1,0,1,0,0,1,1,0,0,0,0
White Knight,4.6,1,1,0,0,1,0,1,0,0,0,1,0
White Kryptonite,4.5,0,0,0,1,1,0,1,1,0,0,0,0
White Kush,4.5,0,0,0,1,1,0,1,0,0,1,1,0
White Lsd,5,1,1,0,1,0,0,0,1,0,1,0,0
White Lavender,4.2,0,1,0,0,1,0,1,1,0,0,0,0
White Lightning,4.4,0,0,0,1,1,0,1,1,0,0,0,0
White Lotus,4.2,0,0,0,1,1,0,1,0,0,0,1,1
White Nightmare,4.7,0,0,0,1,0,0,1,1,0,0,1,1
White Og,4.5,0,0,0,1,1,0,1,0,0,0,1,1
White Queen,4.6,0,1,0,1,1,0,1,1,0,0,0,0
White Rhino,4.2,0,0,0,1,1,0,1,1,0,0,1,0
White Romulan,4.3,1,0,0,1,1,0,1,1,0,0,0,0
White Russian,4.3,0,0,0,1,1,0,1,0,0,1,0,1
White Ryder,0,0,0,0,0,0,0,0,0,0,0,0,0
White Sangria,4.7,0,0,0,1,1,0,1,1,1,0,0,0
White Siberian,4.5,1,1,0,0,0,0,1,1,0,0,0,1
White Skunk,4.4,0,0,1,1,1,0,1,1,0,0,0,0
White Slipper,4.7,1,0,0,0,1,0,1,1,0,1,0,0
White Smurf,4.4,0,0,0,0,0,0,1,1,0,1,0,1
White Strawberry,3,0,0,0,0,0,0,1,0,0,0,0,0
White Tahoe Cookies,4.7,1,0,0,1,0,1,0,1,0,0,1,0
White Tygh Dream,5,0,0,0,0,1,0,1,1,0,0,1,1
White Urkle,4.6,0,0,1,1,1,0,1,1,0,0,0,0
White Walker Kush,4.2,1,1,0,1,0,0,1,1,0,0,0,0
White Walrus,2.5,1,1,0,1,0,0,0,1,0,1,0,0
White Widow,4.3,0,1,0,1,1,0,1,1,0,0,0,0
White Zombie,4,1,0,0,1,1,0,1,1,0,0,0,0
Whiteout,4.6,1,0,0,1,0,0,1,1,0,0,0,1
Whitewalker Og,4.7,0,0,0,1,1,0,1,1,0,0,1,0
Wild Thailand,3.8,0,1,0,1,0,0,1,0,1,1,0,0
Willie Nelson,4.3,1,1,0,0,0,0,1,1,0,0,0,1
Willy Wonka,4.5,0,0,0,1,1,0,0,0,1,1,0,1
Willys Wonder,4.2,0,0,1,0,1,0,1,1,0,0,1,0
Wonder Haze,4.2,1,1,0,1,0,0,1,0,0,0,0,1
Wonder Kid,4.7,0,0,1,1,1,0,1,1,0,0,0,0
Wonder Woman,4.4,1,0,0,1,1,0,1,1,0,0,0,0
Wonderwoman Og,4,0,0,1,1,1,1,1,0,0,0,0,0
Wonka S Bubbilicious,4.8,1,0,0,1,0,0,1,0,1,0,0,1
Woody Kush,4.3,0,0,0,1,1,0,1,0,1,0,1,0
Wookie,5,0,0,0,1,1,0,0,0,0,1,0,0
Wookies,4.8,0,0,0,1,1,0,1,1,0,0,0,1
Wreckage,4.5,0,1,0,0,1,0,0,1,0,1,0,1
X File,4.5,0,0,1,1,1,0,0,0,0,0,0,0
X Files,4.6,0,0,0,1,1,1,1,1,0,0,0,0
X Wing,4.3,1,0,0,0,1,0,1,0,0,0,1,1
X Tra Chz,4,0,0,0,1,0,0,1,1,1,0,1,0
Xj 13,4.3,1,0,0,1,1,0,1,1,0,0,0,0
Xxx 420,4.3,0,0,1,0,1,0,1,0,0,1,0,1
Xxx Og,4.5,0,0,0,1,1,0,1,1,0,0,1,0
Xanadu,4.8,0,1,0,0,0,0,1,1,0,1,0,1
Y Griega,4.8,0,1,0,1,0,0,1,1,0,0,0,1
Yeti Og,4.6,0,0,0,1,1,0,1,0,1,0,1,0
Yoda Og,4.5,0,0,0,1,1,0,1,1,0,0,1,0
Yodas Brain,4.8,0,0,0,0,1,1,1,0,1,0,1,0
Yogi Diesel,4.5,1,0,1,1,0,0,1,1,0,0,0,0
Yumboldt,4.2,0,0,0,1,1,0,1,0,1,0,1,0
Yummy,4.2,0,1,0,1,1,0,1,1,0,0,0,0
Zamaldelica,5,0,1,1,0,0,0,0,1,0,0,0,0
Zellys Gift,5,0,1,0,1,1,0,1,1,0,0,0,0
Zen,4.3,0,1,0,1,0,0,1,1,0,0,0,1
Zeta Sage,4.5,0,0,0,1,1,0,1,1,0,0,0,1
Zeus Og,4.7,0,1,0,1,1,0,1,1,0,0,0,0
Zkittlez,4.6,0,0,0,1,1,0,1,1,0,0,1,0
Zombie Kush,5,0,0,0,1,1,0,1,0,0,1,1,0
Zombie Og,4.4,0,0,0,1,1,0,1,0,1,0,1,0
Zoom Pie,4.6,0,0,0,0,1,0,1,1,1,0,1,0
